time,car_pos_x,car_pos_y,car_pos_z,car_vel_x,car_vel_y,car_vel_z,car_pitch,car_yaw,car_roll,car_angvel_x,car_angvel_y,car_angvel_z
0.0,0.0,2547.14990234375,223.62998962402344,0.0,-2205.370849609375,-652.9309692382812,-0.12904612720012665,-1.5702210664749146,3.1415927410125732,0.013209999538958073,0.0002099999983329326,0.0005099999834783375
0.008333206176757812,0.0,-4018.849853515625,1.100000023841858,0.0,-2262.010986328125,132.1510009765625,0.00047936898772604764,1.5707963705062866,0.0,0.056609995663166046,-0.00010999999358318746,0.0
0.016666412353515625,0.0,-4037.389892578125,2.509999990463257,0.0,-2224.580810546875,169.76100158691406,9.58738019107841e-05,1.5707963705062866,0.0,-0.050109997391700745,0.0,0.0
0.024999618530273438,0.0,-4055.619873046875,3.9599997997283936,0.0,-2187.15087890625,173.6610107421875,-0.0005752427969127893,1.5707963705062866,0.0,-0.07960999757051468,0.0,0.0
0.03333282470703125,0.0,-4073.530029296875,5.380000114440918,0.0,-2149.720947265625,170.21099853515625,-0.0013422331539914012,1.5707963705062866,0.0,-0.09260999411344528,0.0,0.0
0.04166603088378906,0.0,-4091.1298828125,6.730000019073486,0.0,-2112.291015625,162.0709991455078,-0.002109223511070013,1.5707963705062866,0.0,-0.09240999817848206,0.0,0.0
0.049999237060546875,0.0,-4108.419921875,8.010000228881836,0.0,-2074.86083984375,153.92100524902344,-0.0028762139845639467,1.5707963705062866,0.0,-0.0919099971652031,0.0,0.0
0.05833244323730469,0.0,-4125.39990234375,9.220000267028809,0.0,-2037.430908203125,145.77101135253906,-0.0036432044580578804,1.5707963705062866,0.0,-0.09130999445915222,0.0,0.0
0.0666656494140625,0.0,-4142.06982421875,10.369999885559082,0.0,-2000.0009765625,137.6110076904297,-0.00441019469872117,1.5707963705062866,0.0,-0.09060999751091003,0.0,0.0
0.07499885559082031,0.0,-4158.419921875,11.449999809265137,0.0,-1962.5709228515625,129.44100952148438,-0.005081311333924532,1.5707963705062866,0.0,-0.08970999717712402,0.0,0.0
0.08333396911621094,0.0,-4174.4599609375,12.460000038146973,0.0,-1925.1409912109375,121.27099609375,-0.005944175645709038,1.5707963705062866,0.0,-0.0887099951505661,0.0,0.0
0.09166717529296875,0.0,-4190.18994140625,13.399999618530273,0.0,-1887.7109375,113.09099578857422,-0.006615292280912399,1.5707963705062866,0.0,-0.08750999718904495,0.0,0.0
0.10000038146972656,0.0,-4205.60986328125,14.269999504089355,0.0,-1850.2808837890625,104.91099548339844,-0.007382282521575689,1.5707963705062866,0.0,-0.08620999753475189,0.0,0.0
0.10833358764648438,0.0,-4220.7197265625,15.079999923706055,0.0,-1812.8509521484375,96.72100067138672,-0.007957525551319122,1.5707963705062866,0.0,-0.08480999618768692,0.0,0.0
0.11666679382324219,0.0,-4235.509765625,15.819999694824219,0.0,-1775.4208984375,88.52099609375,-0.008628642186522484,1.5707963705062866,0.0,-0.08320999890565872,0.0,0.0
0.125,0.0,-4249.98974609375,16.489999771118164,0.0,-1737.990966796875,80.32099914550781,-0.009395631961524487,1.5707963705062866,0.0,-0.08150999993085861,0.0,0.0
0.14166641235351562,0.0,-4278.02001953125,17.619998931884766,0.0,-1663.1309814453125,63.900997161865234,-0.01073786523193121,1.5707963705062866,0.0,-0.07770999521017075,0.0,0.0
0.14999961853027344,0.0,-4291.56982421875,18.079999923706055,0.0,-1625.700927734375,55.680999755859375,-0.011408981867134571,1.5707963705062866,0.0,-0.07560999691486359,0.0,0.0
0.15833282470703125,0.0,-4304.81005859375,18.479999542236328,0.0,-1588.27099609375,47.46099853515625,-0.011888351291418076,1.5707963705062866,0.0,-0.07340999692678452,0.0,0.0
0.16666603088378906,0.0,-4317.72998046875,18.809999465942383,0.0,-1550.8409423828125,39.23099899291992,-0.012559467926621437,1.5707963705062866,0.0,-0.07110999524593353,0.0,0.0
0.17499923706054688,0.0,-4330.33984375,19.06999969482422,0.0,-1513.410888671875,31.000999450683594,-0.013134710490703583,1.5707963705062866,0.0,-0.06870999932289124,0.0,0.0
0.1833324432373047,0.0,-4342.64013671875,19.260000228881836,0.0,-1475.98095703125,22.76099967956543,-0.013709953054785728,1.5707963705062866,0.0,-0.06611000001430511,0.0,0.0
0.1916656494140625,0.0,-4354.6298828125,19.3799991607666,0.0,-1438.5509033203125,14.520999908447266,-0.014189322479069233,1.5707963705062866,0.0,-0.06340999901294708,0.0,0.0
0.1999988555908203,0.0,-4366.31005859375,19.43000030517578,0.0,-1401.1209716796875,6.270999908447266,-0.014764565043151379,1.5707963705062866,0.0,-0.06060999631881714,0.0,0.0
0.20833396911621094,0.0,-4377.669921875,19.40999984741211,0.0,-1363.69091796875,-1.9709999561309814,-0.015243934467434883,1.5707963705062866,0.0,-0.05770999565720558,0.0,0.0
0.21666717529296875,0.0,-4388.7197265625,19.329999923706055,0.0,-1326.260986328125,-10.041000366210938,-0.015627428889274597,1.5707963705062866,0.0,-0.04780999571084976,0.0,0.0
0.22500038146972656,0.0,-4399.4599609375,19.189998626708984,0.0,-1288.8309326171875,-17.320999145507812,-0.015723302960395813,1.5707963705062866,0.0,-0.007609999738633633,0.0,0.0
0.23333358764648438,0.0,-4409.89013671875,19.0,0.0,-1251.4010009765625,-22.860998153686523,-0.01543568167835474,1.5707963705062866,0.0,0.030710000544786453,0.0,0.0
0.2416667938232422,0.0,-4420.009765625,18.779998779296875,0.0,-1213.970947265625,-26.440998077392578,-0.014956312254071236,1.5707963705062866,0.0,0.05680999904870987,0.0,0.0
0.25,0.0,-4429.81005859375,18.53999900817871,0.0,-1176.5408935546875,-28.360998153686523,-0.01438106968998909,1.5707963705062866,0.0,0.07290999591350555,0.0,0.0
0.2583332061767578,0.0,-4439.2998046875,18.299999237060547,0.0,-1139.1109619140625,-28.87099838256836,-0.013709953054785728,1.5707963705062866,0.0,0.08100999891757965,0.0,0.0
0.2666664123535156,0.0,-4448.47998046875,18.059999465942383,0.0,-1101.680908203125,-28.270998001098633,-0.012942963279783726,1.5707963705062866,0.0,0.08310999721288681,0.0,0.0
0.27499961853027344,0.0,-4457.35009765625,17.84000015258789,0.0,-1064.2509765625,-26.790998458862305,-0.012271846644580364,1.5707963705062866,0.0,0.08070999383926392,0.0,0.0
0.28333282470703125,0.0,-4465.90966796875,17.6299991607666,0.0,-1026.8209228515625,-24.690998077392578,-0.011696603149175644,1.5707963705062866,0.0,0.07520999759435654,0.0,0.0
0.29166603088378906,0.0,-4474.14990234375,17.44999885559082,0.0,-989.3909301757812,-22.150999069213867,-0.011121360585093498,1.5707963705062866,0.0,0.06770999729633331,0.0,0.0
0.2999992370605469,0.0,-4482.080078125,17.28999900817871,0.0,-951.9609375,-19.380998611450195,-0.010641992092132568,1.5707963705062866,0.0,0.059209998697042465,0.0,0.0
0.3083324432373047,0.0,-4489.69970703125,17.149999618530273,0.0,-914.5309448242188,-16.520999908447266,-0.01025849673897028,1.5707963705062866,0.0,0.05030999705195427,0.0,0.0
0.3166656494140625,0.0,-4497.009765625,17.03999900817871,0.0,-877.1009521484375,-13.671000480651855,-0.009875001385807991,1.5707963705062866,0.0,0.041509997099637985,0.0,0.0
0.3249988555908203,0.0,-4504.009765625,16.94999885559082,0.0,-839.6709594726562,-10.951000213623047,-0.009587380103766918,1.5707963705062866,0.0,0.03320999816060066,0.0,0.0
0.33333396911621094,0.0,-4510.68994140625,16.8799991607666,0.0,-802.240966796875,-8.421000480651855,-0.009395631961524487,1.5707963705062866,0.0,0.025709999725222588,0.0,0.0
0.34166717529296875,0.0,-4517.06005859375,16.829999923706055,0.0,-764.8109741210938,-6.120999813079834,-0.00920388475060463,1.5707963705062866,0.0,0.019109999760985374,0.0,0.0
0.35000038146972656,0.0,-4523.1201171875,16.799999237060547,0.0,-727.3809814453125,-4.090999603271484,-0.009108010679483414,1.5707963705062866,0.0,0.01350999902933836,0.0,0.0
0.3583335876464844,0.0,-4528.8701171875,16.779998779296875,0.0,-689.9509887695312,-2.360999822616577,-0.008916263468563557,1.5707963705062866,0.0,0.00880999956279993,0.0,0.0
0.3666667938232422,0.0,-4534.31005859375,16.770000457763672,0.0,-652.5209350585938,-0.9109999537467957,-0.008916263468563557,1.5707963705062866,0.0,0.005009999964386225,0.0,0.0
0.375,0.0,-4539.43994140625,16.770000457763672,0.0,-615.0909423828125,0.2709999680519104,-0.008916263468563557,1.5707963705062866,0.0,0.0020099999383091927,0.0,0.0
0.3833332061767578,0.0,-4544.25,16.779998779296875,0.0,-577.6609497070312,1.1710000038146973,-0.008916263468563557,1.5707963705062866,0.0,-0.0005099999834783375,0.0,0.0
0.3916664123535156,0.0,-4548.75,16.78999900817871,0.0,-540.23095703125,1.7310000658035278,-0.008916263468563557,1.5707963705062866,0.0,-0.0018099999288097024,0.0,0.0
0.39999961853027344,0.0,-4552.93994140625,16.809999465942383,0.0,-502.8009948730469,2.060999870300293,-0.008916263468563557,1.5707963705062866,0.0,-0.0025100000202655792,0.0,0.0
0.40833282470703125,0.0,-4556.81982421875,16.829999923706055,0.0,-465.3710021972656,2.2009999752044678,-0.008916263468563557,1.5707963705062866,0.0,-0.0028099999763071537,0.0,0.0
0.41666603088378906,0.0,-4560.39013671875,16.850000381469727,0.0,-427.9410095214844,2.2109999656677246,-0.009108010679483414,1.5707963705062866,0.0,-0.0028099999763071537,0.0,0.0
0.4249992370605469,0.0,-4563.64013671875,16.869998931884766,0.0,-390.510986328125,2.130999803543091,-0.009108010679483414,1.5707963705062866,0.0,-0.0026100000832229853,0.0,0.0
0.4333324432373047,0.0,-4566.580078125,16.889999389648438,0.0,-353.08099365234375,2.000999927520752,-0.009108010679483414,1.5707963705062866,0.0,-0.002409999957308173,0.0,0.0
0.4416656494140625,0.0,-4569.2099609375,16.90999984741211,0.0,-315.6510009765625,1.8309999704360962,-0.009108010679483414,1.5707963705062866,0.0,-0.0022100000642240047,0.0,0.0
0.4499988555908203,0.0,-4571.52978515625,16.920000076293945,0.0,-278.22100830078125,1.63100004196167,-0.009108010679483414,1.5707963705062866,0.0,-0.0020099999383091927,0.0,0.0
0.45833396911621094,0.0,-4573.5400390625,16.93000030517578,0.0,-240.79100036621094,1.4509999752044678,-0.009108010679483414,1.5707963705062866,0.0,-0.0018099999288097024,0.0,0.0
0.46666717529296875,0.0,-4575.22998046875,16.940000534057617,0.0,-203.3610076904297,1.2910000085830688,-0.00920388475060463,1.5707963705062866,0.0,-0.0016099999193102121,0.0,0.0
0.47500038146972656,0.0,-4576.60986328125,16.94999885559082,0.0,-165.93099975585938,1.1410000324249268,-0.00920388475060463,1.5707963705062866,0.0,-0.0014099999098107219,0.0,0.0
0.4833335876464844,0.0,-4577.6796875,16.959999084472656,0.0,-128.50100708007812,1.0010000467300415,-0.00920388475060463,1.5707963705062866,0.0,-0.0012099999003112316,0.0,0.0
0.4916667938232422,0.0,-4578.43994140625,16.969999313354492,0.0,-91.07099914550781,0.8709999918937683,-0.00920388475060463,1.5707963705062866,0.0,-0.0010099998908117414,0.0,0.0
0.5,0.0,-4578.89013671875,16.979999542236328,0.0,-53.64099884033203,0.7409999966621399,-0.00920388475060463,1.5707963705062866,0.0,-0.0008099999977275729,0.0,0.0
0.5083332061767578,0.0,-4579.02001953125,16.989999771118164,0.0,-16.21099853515625,0.6110000014305115,-0.00920388475060463,1.5707963705062866,0.0,-0.0007099999929778278,0.0,0.0
0.5166664123535156,0.0,-4578.97998046875,16.989999771118164,0.0,5.240999698638916,0.48099997639656067,-0.00920388475060463,1.5707963705062866,0.0,-0.0016099999193102121,0.0,0.0
0.5249996185302734,0.0,-4578.759765625,16.989999771118164,0.0,26.790998458862305,0.390999972820282,-0.00920388475060463,1.5707963705062866,0.0,-0.0020099999383091927,0.0,0.0
0.5333328247070312,0.0,-4578.35986328125,16.989999771118164,0.0,48.150997161865234,0.3309999704360962,-0.009299758821725845,1.5707963705062866,0.0,-0.0022100000642240047,0.0,0.0
0.5416660308837891,0.0,-4577.77978515625,16.989999771118164,0.0,69.33100128173828,0.29099997878074646,-0.009299758821725845,1.5707963705062866,0.0,-0.0022100000642240047,0.0,0.0
0.5499992370605469,0.0,-4577.02978515625,16.989999771118164,0.0,90.33099365234375,0.2709999680519104,-0.009299758821725845,1.5707963705062866,0.0,-0.0022100000642240047,0.0,0.0
0.5583324432373047,0.0,-4576.10009765625,16.989999771118164,0.0,111.15099334716797,0.25099998712539673,-0.009299758821725845,1.5707963705062866,0.0,-0.0021100000012665987,0.0,0.0
0.5666656494140625,0.0,-4575.0,16.989999771118164,0.0,131.79100036621094,0.2409999966621399,-0.009299758821725845,1.5707963705062866,0.0,-0.0020099999383091927,0.0,0.0
0.5749988555908203,0.0,-4573.72998046875,16.989999771118164,0.0,152.25100708007812,0.23099999129772186,-0.009299758821725845,1.5707963705062866,0.0,-0.0018099999288097024,0.0,0.0
0.5833339691162109,0.0,-4572.2900390625,16.989999771118164,0.0,172.54100036621094,0.23099999129772186,-0.009299758821725845,1.5707963705062866,0.0,-0.0017099998658522964,0.0,0.0
0.5916671752929688,0.0,-4570.6796875,16.989999771118164,0.0,192.6510009765625,0.23099999129772186,-0.009395631961524487,1.5707963705062866,0.0,-0.001509999972768128,0.0,0.0
0.6000003814697266,0.0,-4568.90966796875,16.989999771118164,0.0,212.59100341796875,0.23099999129772186,-0.009395631961524487,1.5707963705062866,0.0,-0.0013099999632686377,0.0,0.0
0.6083335876464844,0.0,-4566.9697265625,16.989999771118164,0.0,232.3610076904297,0.23099999129772186,-0.009395631961524487,1.5707963705062866,0.0,-0.0012099999003112316,0.0,0.0
0.6166667938232422,0.0,-4564.8701171875,16.989999771118164,0.0,251.96099853515625,0.23099999129772186,-0.009395631961524487,1.5707963705062866,0.0,-0.0010099998908117414,0.0,0.0
0.625,0.0,-4562.60986328125,16.989999771118164,0.0,271.3909912109375,0.23099999129772186,-0.009395631961524487,1.5707963705062866,0.0,-0.0008099999977275729,0.0,0.0
0.6333332061767578,0.0,-4560.18994140625,16.989999771118164,0.0,290.6610107421875,0.23099999129772186,-0.009395631961524487,1.5707963705062866,0.0,-0.0007099999929778278,0.0,0.0
0.6416664123535156,0.0,-4557.60986328125,16.989999771118164,0.0,309.760986328125,0.23099999129772186,-0.009395631961524487,1.5707963705062866,0.0,-0.0007099999929778278,0.0,0.0
0.6499996185302734,0.0,-4554.8701171875,16.989999771118164,0.0,328.70098876953125,0.23099999129772186,-0.009395631961524487,1.5707963705062866,0.0,-0.0007099999929778278,0.0,0.0
0.6583328247070312,0.0,-4551.9697265625,16.989999771118164,0.0,347.4809875488281,0.23099999129772186,-0.009395631961524487,1.5707963705062866,0.0,-0.0007099999929778278,0.0,0.0
0.6666660308837891,0.0,-4548.919921875,16.989999771118164,0.0,366.09100341796875,0.23099999129772186,-0.009395631961524487,1.5707963705062866,0.0,-0.0007099999929778278,0.0,0.0
0.6749992370605469,0.0,-4545.7099609375,16.989999771118164,0.0,384.5509948730469,0.23099999129772186,-0.009395631961524487,1.5707963705062866,0.0,-0.0007099999929778278,0.0,0.0
0.6833324432373047,0.0,-4542.35009765625,16.989999771118164,0.0,402.85101318359375,0.23099999129772186,-0.009395631961524487,1.5707963705062866,0.0,-0.0007099999929778278,0.0,0.0
0.6916656494140625,0.0,-4538.83984375,16.989999771118164,0.0,420.9909973144531,0.23099999129772186,-0.009395631961524487,1.5707963705062866,0.0,-0.0008099999977275729,0.0,0.0
0.6999988555908203,0.0,-4535.1796875,16.989999771118164,0.0,438.97100830078125,0.23099999129772186,-0.009395631961524487,1.5707963705062866,0.0,-0.0008099999977275729,0.0,0.0
0.7083339691162109,0.0,-4531.3701171875,16.989999771118164,0.0,456.8009948730469,0.23099999129772186,-0.009395631961524487,1.5707963705062866,0.0,-0.0008099999977275729,0.0,0.0
0.7166671752929688,0.0,-4527.419921875,16.989999771118164,0.0,474.4809875488281,0.23099999129772186,-0.009395631961524487,1.5707963705062866,0.0,-0.0008099999977275729,0.0,0.0
0.7250003814697266,0.0,-4523.31982421875,16.989999771118164,0.0,492.010986328125,0.23099999129772186,-0.009395631961524487,1.5707963705062866,0.0,-0.0008099999977275729,0.0,0.0
0.7333335876464844,0.0,-4519.06982421875,16.989999771118164,0.0,509.3909912109375,0.23099999129772186,-0.009395631961524487,1.5707963705062866,0.0,-0.000910000002477318,0.0,0.0
0.7416667938232422,0.0,-4514.6796875,16.989999771118164,0.0,526.6209716796875,0.23099999129772186,-0.009395631961524487,1.5707963705062866,0.0,-0.000910000002477318,0.0,0.0
0.75,0.0,-4510.14990234375,16.989999771118164,0.0,543.7009887695312,0.23099999129772186,-0.009395631961524487,1.5707963705062866,0.0,-0.0008099999977275729,0.0,0.0
0.7583332061767578,0.0,-4505.47998046875,16.989999771118164,0.0,560.6309814453125,0.23099999129772186,-0.009395631961524487,1.5707963705062866,0.0,-0.0008099999977275729,0.0,0.0
0.7666664123535156,0.0,-4500.669921875,16.989999771118164,0.0,577.4209594726562,0.23099999129772186,-0.009395631961524487,1.5707963705062866,0.0,-0.0008099999977275729,0.0,0.0
0.7749996185302734,0.0,-4495.7197265625,16.989999771118164,0.0,594.0609741210938,0.23099999129772186,-0.009395631961524487,1.5707963705062866,0.0,-0.0008099999977275729,0.0,0.0
0.7833328247070312,0.0,-4490.6298828125,16.989999771118164,0.0,610.5609741210938,0.23099999129772186,-0.009395631961524487,1.5707963705062866,0.0,-0.0008099999977275729,0.0,0.0
0.7916660308837891,0.0,-4485.40966796875,16.989999771118164,0.0,626.9209594726562,0.23099999129772186,-0.009395631961524487,1.5707963705062866,0.0,-0.0008099999977275729,0.0,0.0
0.7999992370605469,0.0,-4480.0498046875,16.989999771118164,0.0,643.1409912109375,0.23099999129772186,-0.009395631961524487,1.5707963705062866,0.0,-0.0008099999977275729,0.0,0.0
0.8083324432373047,0.0,-4474.56005859375,16.989999771118164,0.0,659.220947265625,0.23099999129772186,-0.009395631961524487,1.5707963705062866,0.0,-0.000910000002477318,0.0,0.0
0.8166656494140625,0.0,-4468.9296875,16.989999771118164,0.0,675.1609497070312,0.23099999129772186,-0.009395631961524487,1.5707963705062866,0.0,-0.000910000002477318,0.0,0.0
0.8249988555908203,0.0,-4463.169921875,16.989999771118164,0.0,690.970947265625,0.23099999129772186,-0.009395631961524487,1.5707963705062866,0.0,-0.0008099999977275729,0.0,0.0
0.8333339691162109,0.0,-4457.27978515625,16.989999771118164,0.0,706.6409912109375,0.23099999129772186,-0.009395631961524487,1.5707963705062866,0.0,-0.0008099999977275729,0.0,0.0
0.8416671752929688,0.0,-4451.259765625,16.989999771118164,0.0,722.1809692382812,0.23099999129772186,-0.009395631961524487,1.5707963705062866,0.0,-0.0008099999977275729,0.0,0.0
0.8500003814697266,0.0,-4445.10986328125,16.989999771118164,0.0,737.5809326171875,0.23099999129772186,-0.009395631961524487,1.5707963705062866,0.0,-0.0008099999977275729,0.0,0.0
0.8583335876464844,0.0,-4438.83984375,16.989999771118164,0.0,752.8509521484375,0.23099999129772186,-0.009395631961524487,1.5707963705062866,0.0,-0.0008099999977275729,0.0,0.0
0.8666667938232422,0.0,-4432.43994140625,16.989999771118164,0.0,767.990966796875,0.23099999129772186,-0.009395631961524487,1.5707963705062866,0.0,-0.0008099999977275729,0.0,0.0
0.875,0.0,-4425.90966796875,16.989999771118164,0.0,783.0009765625,0.23099999129772186,-0.009395631961524487,1.5707963705062866,0.0,-0.0008099999977275729,0.0,0.0
0.8833332061767578,0.0,-4419.259765625,16.989999771118164,0.0,797.8809814453125,0.23099999129772186,-0.009395631961524487,1.5707963705062866,0.0,-0.0008099999977275729,0.0,0.0
0.8916664123535156,0.0,-4412.48974609375,16.989999771118164,0.0,812.6309814453125,0.23099999129772186,-0.009491506032645702,1.5707963705062866,0.0,-0.000910000002477318,0.0,0.0
0.8999996185302734,0.0,-4405.60009765625,16.989999771118164,0.0,827.260986328125,0.23099999129772186,-0.009491506032645702,1.5707963705062866,0.0,-0.000910000002477318,0.0,0.0
0.9083328247070312,0.0,-4398.580078125,16.989999771118164,0.0,841.760986328125,0.23099999129772186,-0.009491506032645702,1.5707963705062866,0.0,-0.0008099999977275729,0.0,0.0
0.9166660308837891,0.0,-4391.44970703125,16.989999771118164,0.0,856.1409301757812,0.23099999129772186,-0.009491506032645702,1.5707963705062866,0.0,-0.0008099999977275729,0.0,0.0
0.9249992370605469,0.0,-4384.19970703125,16.989999771118164,0.0,870.3909301757812,0.23099999129772186,-0.009491506032645702,1.5707963705062866,0.0,-0.0008099999977275729,0.0,0.0
0.9333324432373047,0.0,-4376.830078125,16.989999771118164,0.0,884.5209350585938,0.23099999129772186,-0.009491506032645702,1.5707963705062866,0.0,-0.0008099999977275729,0.0,0.0
0.9416656494140625,0.0,-4369.33984375,16.989999771118164,0.0,898.5309448242188,0.23099999129772186,-0.009491506032645702,1.5707963705062866,0.0,-0.0008099999977275729,0.0,0.0
0.9499988555908203,0.0,-4361.73974609375,16.989999771118164,0.0,912.4209594726562,0.23099999129772186,-0.009491506032645702,1.5707963705062866,0.0,-0.0008099999977275729,0.0,0.0
0.9583339691162109,0.0,-4354.02001953125,16.989999771118164,0.0,926.1909790039062,0.23099999129772186,-0.009491506032645702,1.5707963705062866,0.0,-0.0008099999977275729,0.0,0.0
0.9666671752929688,0.0,-4346.18994140625,16.989999771118164,0.0,939.8409423828125,0.23099999129772186,-0.009491506032645702,1.5707963705062866,0.0,-0.0008099999977275729,0.0,0.0
0.9750003814697266,0.0,-4338.23974609375,16.989999771118164,0.0,953.3809814453125,0.23099999129772186,-0.009491506032645702,1.5707963705062866,0.0,-0.0008099999977275729,0.0,0.0
0.9833335876464844,0.0,-4330.1796875,16.989999771118164,0.0,966.8009643554688,0.23099999129772186,-0.009491506032645702,1.5707963705062866,0.0,-0.000910000002477318,0.0,0.0
0.9916667938232422,0.0,-4322.009765625,16.989999771118164,0.0,980.1109619140625,0.23099999129772186,-0.009491506032645702,1.5707963705062866,0.0,-0.000910000002477318,0.0,0.0
1.0,0.0,-4313.72998046875,16.989999771118164,0.0,993.3009643554688,0.23099999129772186,-0.009491506032645702,1.5707963705062866,0.0,-0.0008099999977275729,0.0,0.0
1.0083332061767578,0.0,-4305.33984375,16.989999771118164,0.0,1006.3809814453125,0.23099999129772186,-0.009491506032645702,1.5707963705062866,0.0,-0.0008099999977275729,0.0,0.0
1.0166664123535156,0.0,-4296.85009765625,16.989999771118164,0.0,1019.3509521484375,0.23099999129772186,-0.009491506032645702,1.5707963705062866,0.0,-0.0008099999977275729,0.0,0.0
1.0249996185302734,0.0,-4288.25,16.989999771118164,0.0,1032.2109375,0.23099999129772186,-0.009491506032645702,1.5707963705062866,0.0,-0.0008099999977275729,0.0,0.0
1.0333328247070312,0.0,-4279.5400390625,16.989999771118164,0.0,1044.9609375,0.23099999129772186,-0.009491506032645702,1.5707963705062866,0.0,-0.0008099999977275729,0.0,0.0
1.041666030883789,0.0,-4270.72998046875,16.989999771118164,0.0,1057.6009521484375,0.23099999129772186,-0.009491506032645702,1.5707963705062866,0.0,-0.0008099999977275729,0.0,0.0
1.0499992370605469,0.0,-4261.81005859375,16.989999771118164,0.0,1070.1309814453125,0.23099999129772186,-0.009491506032645702,1.5707963705062866,0.0,-0.0008099999977275729,0.0,0.0
1.0583324432373047,0.0,-4252.7900390625,16.989999771118164,0.0,1082.5509033203125,0.23099999129772186,-0.009491506032645702,1.5707963705062866,0.0,-0.0008099999977275729,0.0,0.0
1.0666656494140625,0.0,-4243.669921875,16.989999771118164,0.0,1094.8609619140625,0.23099999129772186,-0.009491506032645702,1.5707963705062866,0.0,-0.0008099999977275729,0.0,0.0
1.0749988555908203,0.0,-4234.43994140625,16.989999771118164,0.0,1107.0709228515625,0.23099999129772186,-0.009491506032645702,1.5707963705062866,0.0,-0.0008099999977275729,0.0,0.0
1.083333969116211,0.0,-4225.10986328125,16.989999771118164,0.0,1119.1708984375,0.23099999129772186,-0.009491506032645702,1.5707963705062866,0.0,-0.000910000002477318,0.0,0.0
1.0916671752929688,0.0,-4215.6796875,16.989999771118164,0.0,1131.1708984375,0.23099999129772186,-0.009491506032645702,1.5707963705062866,0.0,-0.000910000002477318,0.0,0.0
1.1000003814697266,0.0,-4206.14990234375,16.989999771118164,0.0,1143.0709228515625,0.23099999129772186,-0.009491506032645702,1.5707963705062866,0.0,-0.0008099999977275729,0.0,0.0
1.1083335876464844,0.0,-4196.52978515625,16.989999771118164,0.0,1154.8709716796875,0.23099999129772186,-0.009491506032645702,1.5707963705062866,0.0,-0.0008099999977275729,0.0,0.0
1.1166667938232422,0.0,-4186.81005859375,16.989999771118164,0.0,1166.5609130859375,0.23099999129772186,-0.009491506032645702,1.5707963705062866,0.0,-0.0008099999977275729,0.0,0.0
1.125,0.0,-4176.98974609375,16.989999771118164,0.0,1178.1510009765625,0.23099999129772186,-0.009491506032645702,1.5707963705062866,0.0,-0.0008099999977275729,0.0,0.0
1.1333332061767578,0.0,-4167.080078125,16.989999771118164,0.0,1189.6409912109375,0.23099999129772186,-0.009491506032645702,1.5707963705062866,0.0,-0.0008099999977275729,0.0,0.0
1.1416664123535156,0.0,-4157.06982421875,16.989999771118164,0.0,1201.0408935546875,0.23099999129772186,-0.009491506032645702,1.5707963705062866,0.0,-0.0008099999977275729,0.0,0.0
1.1499996185302734,0.0,-4146.9697265625,16.989999771118164,0.0,1212.3409423828125,0.23099999129772186,-0.009491506032645702,1.5707963705062866,0.0,-0.0008099999977275729,0.0,0.0
1.1583328247070312,0.0,-4136.77001953125,16.989999771118164,0.0,1223.5408935546875,0.23099999129772186,-0.009491506032645702,1.5707963705062866,0.0,-0.0008099999977275729,0.0,0.0
1.166666030883789,0.0,-4126.47998046875,16.989999771118164,0.0,1234.6510009765625,0.23099999129772186,-0.009491506032645702,1.5707963705062866,0.0,-0.0008099999977275729,0.0,0.0
1.1749992370605469,0.0,-4116.10009765625,16.989999771118164,0.0,1245.660888671875,0.23099999129772186,-0.009491506032645702,1.5707963705062866,0.0,-0.0008099999977275729,0.0,0.0
1.1833324432373047,0.0,-4105.6298828125,16.989999771118164,0.0,1256.5809326171875,0.23099999129772186,-0.009491506032645702,1.5707963705062866,0.0,-0.0008099999977275729,0.0,0.0
1.1916656494140625,0.0,-4095.06982421875,16.989999771118164,0.0,1267.4010009765625,0.23099999129772186,-0.009491506032645702,1.5707963705062866,0.0,-0.000910000002477318,0.0,0.0
1.1999988555908203,0.0,-4084.419921875,16.989999771118164,0.0,1278.1309814453125,0.23099999129772186,-0.009491506032645702,1.5707963705062866,0.0,-0.000910000002477318,0.0,0.0
1.208333969116211,0.0,-4073.679931640625,16.989999771118164,0.0,1288.77099609375,0.23099999129772186,-0.009491506032645702,1.5707963705062866,0.0,-0.0008099999977275729,0.0,0.0
1.2166671752929688,0.0,-4062.849853515625,16.989999771118164,0.0,1299.3209228515625,0.23099999129772186,-0.009491506032645702,1.5707963705062866,0.0,-0.0008099999977275729,0.0,0.0
1.2250003814697266,0.0,-4051.929931640625,16.989999771118164,0.0,1309.781005859375,0.23099999129772186,-0.009491506032645702,1.5707963705062866,0.0,-0.0008099999977275729,0.0,0.0
1.2333335876464844,0.0,-4040.929931640625,16.989999771118164,0.0,1320.1510009765625,0.23099999129772186,-0.009491506032645702,1.5707963705062866,0.0,-0.0008099999977275729,0.0,0.0
1.2416667938232422,0.0,-4029.83984375,16.989999771118164,0.0,1330.430908203125,0.23099999129772186,-0.009491506032645702,1.5707963705062866,0.0,-0.0008099999977275729,0.0,0.0
1.25,0.0,-4018.669921875,16.989999771118164,0.0,1340.6209716796875,0.23099999129772186,-0.009491506032645702,1.5707963705062866,0.0,-0.0008099999977275729,0.0,0.0
1.2583332061767578,0.0,-4007.409912109375,16.989999771118164,0.0,1350.720947265625,0.23099999129772186,-0.009491506032645702,1.5707963705062866,0.0,-0.0008099999977275729,0.0,0.0
1.2666664123535156,0.0,-3996.06982421875,16.989999771118164,0.0,1360.740966796875,0.23099999129772186,-0.009491506032645702,1.5707963705062866,0.0,-0.0008099999977275729,0.0,0.0
1.2749996185302734,0.0,-3984.64990234375,16.989999771118164,0.0,1370.6708984375,0.23099999129772186,-0.009491506032645702,1.5707963705062866,0.0,-0.0008099999977275729,0.0,0.0
1.2833328247070312,0.0,-3973.14990234375,16.989999771118164,0.0,1380.510986328125,0.23099999129772186,-0.009491506032645702,1.5707963705062866,0.0,-0.0008099999977275729,0.0,0.0
1.291666030883789,0.0,-3961.559814453125,16.989999771118164,0.0,1390.27099609375,0.23099999129772186,-0.009491506032645702,1.5707963705062866,0.0,-0.0008099999977275729,0.0,0.0
1.2999992370605469,0.0,-3949.889892578125,16.989999771118164,0.0,1399.950927734375,0.23099999129772186,-0.009491506032645702,1.5707963705062866,0.0,-0.0008099999977275729,0.0,0.0
1.3083324432373047,0.0,-3938.139892578125,16.989999771118164,0.0,1409.5408935546875,0.23099999129772186,-0.009491506032645702,1.5707963705062866,0.0,-0.0008099999977275729,0.0,0.0
1.3166656494140625,0.0,-3926.31982421875,16.989999771118164,0.0,1417.8709716796875,0.23099999129772186,-0.009491506032645702,1.5707963705062866,0.0,-0.000910000002477318,0.0,0.0
1.3249988555908203,0.0,-3914.43994140625,16.989999771118164,0.0,1426.1309814453125,0.23099999129772186,-0.009491506032645702,1.5707963705062866,0.0,-0.000910000002477318,0.0,0.0
1.333333969116211,0.0,-3902.489990234375,16.989999771118164,0.0,1434.3909912109375,0.23099999129772186,-0.009491506032645702,1.5707963705062866,0.0,-0.0008099999977275729,0.0,0.0
1.3416671752929688,0.0,-3890.469970703125,16.989999771118164,0.0,1442.6510009765625,0.23099999129772186,-0.009491506032645702,1.5707963705062866,0.0,-0.0008099999977275729,0.0,0.0
1.3500003814697266,0.0,-3878.3798828125,16.989999771118164,0.0,1450.910888671875,0.23099999129772186,-0.009491506032645702,1.5707963705062866,0.0,-0.0008099999977275729,0.0,0.0
1.3583335876464844,0.0,-3866.219970703125,16.989999771118164,0.0,1459.1708984375,0.23099999129772186,-0.009491506032645702,1.5707963705062866,0.0,-0.0008099999977275729,0.0,0.0
1.3666667938232422,0.0,-3853.989990234375,16.989999771118164,0.0,1467.430908203125,0.23099999129772186,-0.009491506032645702,1.5707963705062866,0.0,-0.0008099999977275729,0.0,0.0
1.375,0.0,-3841.68994140625,16.989999771118164,0.0,1475.69091796875,0.23099999129772186,-0.009491506032645702,1.5707963705062866,0.0,-0.0008099999977275729,0.0,0.0
1.3833332061767578,0.0,-3829.31982421875,16.989999771118164,0.0,1483.950927734375,0.23099999129772186,-0.009491506032645702,1.5707963705062866,0.0,-0.0008099999977275729,0.0,0.0
1.3916664123535156,0.0,-3816.8798828125,16.989999771118164,-0.010999999940395355,1492.2109375,0.23099999129772186,-0.009491506032645702,1.5707963705062866,0.0,-0.0008099999977275729,0.0,0.0
1.3999996185302734,0.0,-3804.3798828125,16.989999771118164,-0.010999999940395355,1500.470947265625,0.23099999129772186,-0.009491506032645702,1.5707963705062866,0.0,-0.0008099999977275729,0.0,0.0
1.4083328247070312,0.0,-3791.809814453125,16.989999771118164,-0.010999999940395355,1508.73095703125,0.23099999129772186,-0.009491506032645702,1.5707963705062866,0.0,-0.0008099999977275729,0.0,0.0
1.416666030883789,0.0,-3779.169921875,16.989999771118164,-0.010999999940395355,1516.990966796875,0.23099999129772186,-0.009491506032645702,1.5707963705062866,0.0,-0.0008099999977275729,0.0,0.0
1.4249992370605469,0.0,-3766.4599609375,16.989999771118164,-0.010999999940395355,1525.2509765625,0.23099999129772186,-0.009491506032645702,1.5707963705062866,0.0,-0.0008099999977275729,0.0,0.0
1.4333324432373047,0.0,-3753.679931640625,16.989999771118164,-0.010999999940395355,1533.510986328125,0.23099999129772186,-0.009491506032645702,1.5707963705062866,0.0,-0.0008099999977275729,0.0,0.0
1.4416656494140625,0.0,-3740.829833984375,16.989999771118164,-0.010999999940395355,1541.77099609375,0.23099999129772186,-0.009491506032645702,1.5707963705062866,0.0,-0.0008099999977275729,0.0,0.0
1.4499988555908203,0.0,-3727.909912109375,16.989999771118164,-0.010999999940395355,1550.0308837890625,0.23099999129772186,-0.009491506032645702,1.5707963705062866,0.0,-0.0008099999977275729,0.0,0.0
1.458333969116211,0.0,-3714.919921875,16.989999771118164,-0.010999999940395355,1558.2908935546875,0.23099999129772186,-0.009491506032645702,1.5707963705062866,0.0,-0.0008099999977275729,0.0,0.0
1.4666671752929688,0.0,-3701.85986328125,16.989999771118164,-0.010999999940395355,1566.5509033203125,0.23099999129772186,-0.009491506032645702,1.5707963705062866,0.0,-0.0008099999977275729,0.0,0.0
1.4750003814697266,0.0,-3688.739990234375,16.989999771118164,-0.010999999940395355,1574.8109130859375,0.23099999129772186,-0.009491506032645702,1.5707963705062866,0.0,-0.0008099999977275729,0.0,0.0
1.4833335876464844,0.0,-3675.5498046875,16.989999771118164,-0.010999999940395355,1583.0709228515625,0.23099999129772186,-0.009491506032645702,1.5707963705062866,0.0,-0.0008099999977275729,0.0,0.0
1.4916667938232422,0.0,-3662.2900390625,16.989999771118164,-0.010999999940395355,1591.3309326171875,0.23099999129772186,-0.009491506032645702,1.5707963705062866,0.0,-0.0008099999977275729,0.0,0.0
1.5,0.0,-3648.9599609375,16.989999771118164,-0.010999999940395355,1599.5909423828125,0.23099999129772186,-0.009491506032645702,1.5707963705062866,0.0,-0.0008099999977275729,0.0,0.0
1.5083332061767578,0.0,-3635.559814453125,16.989999771118164,-0.010999999940395355,1607.8509521484375,0.23099999129772186,-0.009491506032645702,1.5707963705062866,0.0,-0.0008099999977275729,0.0,0.0
1.5166664123535156,0.0,-3622.08984375,16.989999771118164,-0.010999999940395355,1616.1109619140625,0.23099999129772186,-0.009491506032645702,1.5707963705062866,0.0,-0.0008099999977275729,0.0,0.0
1.5249996185302734,0.0,-3608.5498046875,16.989999771118164,-0.020999999716877937,1624.3709716796875,0.23099999129772186,-0.009491506032645702,1.5707963705062866,0.0,-0.0008099999977275729,0.0,0.0
1.5333328247070312,0.0,-3594.93994140625,16.989999771118164,-0.020999999716877937,1632.6309814453125,0.23099999129772186,-0.009491506032645702,1.5707963705062866,0.0,-0.0008099999977275729,0.0,0.0
1.541666030883789,0.0,-3581.27001953125,16.989999771118164,-0.020999999716877937,1640.8909912109375,0.23099999129772186,-0.009491506032645702,1.5707963705062866,0.0,-0.0008099999977275729,0.0,0.0
1.5499992370605469,0.0,-3567.530029296875,16.989999771118164,-0.020999999716877937,1649.15087890625,0.23099999129772186,-0.009491506032645702,1.5707963705062866,0.0,-0.0008099999977275729,0.0,0.0
1.5583324432373047,0.0,-3553.719970703125,16.989999771118164,-0.020999999716877937,1657.410888671875,0.23099999129772186,-0.009491506032645702,1.5707963705062866,0.0,-0.0008099999977275729,0.0,0.0
1.5666656494140625,0.0,-3539.83984375,16.989999771118164,-0.020999999716877937,1665.6708984375,0.23099999129772186,-0.009491506032645702,1.5707963705062866,0.0,-0.0008099999977275729,0.0,0.0
1.5749988555908203,0.0,-3525.889892578125,16.989999771118164,-0.020999999716877937,1673.930908203125,0.23099999129772186,-0.009491506032645702,1.5707963705062866,0.0,-0.0008099999977275729,0.0,0.0
1.583333969116211,0.0,-3511.869873046875,16.989999771118164,-0.020999999716877937,1682.19091796875,0.23099999129772186,-0.009491506032645702,1.5707963705062866,0.0,-0.0008099999977275729,0.0,0.0
1.5916671752929688,0.0,-3497.780029296875,16.989999771118164,-0.020999999716877937,1690.450927734375,0.23099999129772186,-0.009491506032645702,1.5707963705062866,0.0,-0.0008099999977275729,0.0,0.0
1.6000003814697266,0.0,-3483.619873046875,16.989999771118164,-0.020999999716877937,1698.7109375,0.23099999129772186,-0.009491506032645702,1.5707963705062866,0.0,-0.0008099999977275729,0.0,0.0
1.6083335876464844,0.0,-3469.389892578125,16.989999771118164,-0.020999999716877937,1706.970947265625,0.23099999129772186,-0.009491506032645702,1.5707963705062866,0.0,-0.0008099999977275729,0.0,0.0
1.6166667938232422,0.0,-3455.099853515625,16.989999771118164,-0.020999999716877937,1715.23095703125,0.23099999129772186,-0.009491506032645702,1.5707963705062866,0.0,-0.0008099999977275729,0.0,0.0
1.625,0.0,-3440.739990234375,16.989999771118164,-0.020999999716877937,1723.490966796875,0.23099999129772186,-0.009491506032645702,1.5707963705062866,0.0,-0.0008099999977275729,0.0,0.0
1.6333332061767578,0.0,-3426.309814453125,16.989999771118164,-0.020999999716877937,1731.7509765625,0.23099999129772186,-0.009491506032645702,1.5707963705062866,0.0,-0.0008099999977275729,0.0,0.0
1.6416664123535156,0.0,-3411.809814453125,16.989999771118164,-0.020999999716877937,1740.010986328125,0.23099999129772186,-0.009491506032645702,1.5707963705062866,0.0,-0.0008099999977275729,0.0,0.0
1.6499996185302734,0.0,-3397.239990234375,16.989999771118164,-0.020999999716877937,1748.27099609375,0.23099999129772186,-0.009491506032645702,1.5707963705062866,0.0,-0.0008099999977275729,0.0,0.0
1.6583328247070312,0.0,-3382.599853515625,16.989999771118164,-0.020999999716877937,1756.5308837890625,0.23099999129772186,-0.009491506032645702,1.5707963705062866,0.0,-0.0008099999977275729,0.0,0.0
1.666666030883789,0.0,-3367.889892578125,16.989999771118164,-0.020999999716877937,1764.7908935546875,0.23099999129772186,-0.009491506032645702,1.5707963705062866,0.0,-0.0008099999977275729,0.0,0.0
1.6749992370605469,0.0,-3353.10986328125,16.989999771118164,-0.020999999716877937,1773.0509033203125,0.23099999129772186,-0.009491506032645702,1.5707963705062866,0.0,-0.0008099999977275729,0.0,0.0
1.6833324432373047,0.0,-3338.27001953125,16.989999771118164,-0.020999999716877937,1781.3109130859375,0.23099999129772186,-0.009491506032645702,1.5707963705062866,0.0,-0.0008099999977275729,0.0,0.0
1.6916656494140625,0.0,-3323.35986328125,16.989999771118164,-0.020999999716877937,1789.5709228515625,0.23099999129772186,-0.009491506032645702,1.5707963705062866,0.0,-0.0008099999977275729,0.0,0.0
1.6999988555908203,0.0,-3308.3798828125,16.989999771118164,-0.020999999716877937,1797.8309326171875,0.23099999129772186,-0.009491506032645702,1.5707963705062866,0.0,-0.0008099999977275729,0.0,0.0
1.708333969116211,0.0,-3293.329833984375,16.989999771118164,-0.020999999716877937,1806.0909423828125,0.23099999129772186,-0.009491506032645702,1.5707963705062866,0.0,-0.0008099999977275729,0.0,0.0
1.7166671752929688,0.0,-3278.2099609375,16.989999771118164,-0.020999999716877937,1814.3509521484375,0.23099999129772186,-0.009491506032645702,1.5707963705062866,0.0,-0.0008099999977275729,0.0,0.0
1.7250003814697266,0.0,-3263.02001953125,16.989999771118164,-0.020999999716877937,1822.6109619140625,0.23099999129772186,-0.009491506032645702,1.5707963705062866,0.0,-0.0008099999977275729,0.0,0.0
1.7333335876464844,0.0,-3247.760009765625,16.989999771118164,-0.020999999716877937,1830.8709716796875,0.23099999129772186,-0.009491506032645702,1.5707963705062866,0.0,-0.0008099999977275729,0.0,0.0
1.7416667938232422,0.0,-3232.429931640625,16.989999771118164,-0.020999999716877937,1839.1309814453125,0.23099999129772186,-0.009491506032645702,1.5707963705062866,0.0,-0.0008099999977275729,0.0,0.0
1.75,0.0,-3217.030029296875,16.989999771118164,-0.020999999716877937,1847.3909912109375,0.23099999129772186,-0.009491506032645702,1.5707963705062866,0.0,-0.0008099999977275729,0.0,0.0
1.7583332061767578,0.0,-3201.56982421875,16.989999771118164,-0.020999999716877937,1855.65087890625,0.23099999129772186,-0.009491506032645702,1.5707963705062866,0.0,-0.0008099999977275729,0.0,0.0
1.7666664123535156,0.0,-3186.0400390625,16.989999771118164,-0.020999999716877937,1863.910888671875,0.23099999129772186,-0.009491506032645702,1.5707963705062866,0.0,-0.0008099999977275729,0.0,0.0
1.7749996185302734,0.0,-3170.43994140625,16.989999771118164,-0.020999999716877937,1872.1708984375,0.23099999129772186,-0.009491506032645702,1.5707963705062866,0.0,-0.0008099999977275729,0.0,0.0
1.7833328247070312,0.0,-3154.77001953125,16.989999771118164,-0.020999999716877937,1880.430908203125,0.23099999129772186,-0.009491506032645702,1.5707963705062866,0.0,-0.0008099999977275729,0.0,0.0
1.791666030883789,0.0,-3139.030029296875,16.989999771118164,-0.03099999949336052,1888.69091796875,0.23099999129772186,-0.009491506032645702,1.5707963705062866,0.0,-0.0008099999977275729,0.0,0.0
1.7999992370605469,0.0,-3123.219970703125,16.989999771118164,-0.03099999949336052,1896.950927734375,0.23099999129772186,-0.009491506032645702,1.5707963705062866,0.0,-0.0008099999977275729,0.0,0.0
1.8083324432373047,0.0,-3107.33984375,16.989999771118164,-0.03099999949336052,1905.2109375,0.23099999129772186,-0.009491506032645702,1.5707963705062866,0.0,-0.0008099999977275729,0.0,0.0
1.8166656494140625,0.0,-3091.389892578125,16.989999771118164,-0.03099999949336052,1913.470947265625,0.23099999129772186,-0.009491506032645702,1.5707963705062866,0.0,-0.0008099999977275729,0.0,0.0
1.8249988555908203,0.0,-3075.3798828125,16.989999771118164,-0.03099999949336052,1921.73095703125,0.23099999129772186,-0.009491506032645702,1.5707963705062866,0.0,-0.0008099999977275729,0.0,0.0
1.833333969116211,0.0,-3059.300048828125,16.989999771118164,-0.03099999949336052,1929.990966796875,0.23099999129772186,-0.009491506032645702,1.5707963705062866,0.0,-0.0008099999977275729,0.0,0.0
1.8416671752929688,0.0,-3043.14990234375,16.989999771118164,-0.03099999949336052,1938.2509765625,0.23099999129772186,-0.009491506032645702,1.5707963705062866,0.0,-0.0008099999977275729,0.0,0.0
1.8500003814697266,0.0,-3026.929931640625,16.989999771118164,-0.03099999949336052,1946.510986328125,0.23099999129772186,-0.009491506032645702,1.5707963705062866,0.0,-0.0008099999977275729,0.0,0.0
1.8583335876464844,0.0,-3010.639892578125,16.989999771118164,-0.03099999949336052,1954.7708740234375,0.23099999129772186,-0.009491506032645702,1.5707963705062866,0.0,-0.0008099999977275729,0.0,0.0
1.8666667938232422,0.0,-2994.280029296875,16.989999771118164,-0.03099999949336052,1963.0308837890625,0.23099999129772186,-0.009491506032645702,1.5707963705062866,0.0,-0.0008099999977275729,0.0,0.0
1.875,0.0,-2977.849853515625,16.989999771118164,-0.03099999949336052,1971.2908935546875,0.23099999129772186,-0.009491506032645702,1.5707963705062866,0.0,-0.0008099999977275729,0.0,0.0
1.8833332061767578,0.0,-2961.349853515625,16.989999771118164,-0.03099999949336052,1979.5509033203125,0.23099999129772186,-0.009491506032645702,1.5707963705062866,0.0,-0.0008099999977275729,0.0,0.0
1.8916664123535156,0.0,-2944.780029296875,16.989999771118164,-0.03099999949336052,1987.8109130859375,0.23099999129772186,-0.009491506032645702,1.5707963705062866,0.0,-0.0008099999977275729,0.0,0.0
1.8999996185302734,0.0,-2928.14990234375,16.989999771118164,-0.03099999949336052,1996.0709228515625,0.23099999129772186,-0.009491506032645702,1.5707963705062866,0.0,-0.0008099999977275729,0.0,0.0
1.9083328247070312,0.0,-2911.449951171875,16.989999771118164,-0.03099999949336052,2004.3309326171875,0.23099999129772186,-0.009491506032645702,1.5707963705062866,0.0,-0.0008099999977275729,0.0,0.0
1.916666030883789,0.0,-2894.679931640625,16.989999771118164,-0.03099999949336052,2012.5909423828125,0.23099999129772186,-0.009491506032645702,1.5707963705062866,0.0,-0.0008099999977275729,0.0,0.0
1.9249992370605469,0.0,-2877.83984375,16.989999771118164,-0.03099999949336052,2020.8509521484375,0.23099999129772186,-0.009491506032645702,1.5707963705062866,0.0,-0.0008099999977275729,0.0,0.0
1.9333324432373047,0.0,-2860.929931640625,16.989999771118164,-0.03099999949336052,2029.1109619140625,0.23099999129772186,-0.009491506032645702,1.5707963705062866,0.0,-0.0008099999977275729,0.0,0.0
1.9416656494140625,0.0,-2843.949951171875,16.989999771118164,-0.03099999949336052,2037.3709716796875,0.23099999129772186,-0.009491506032645702,1.5707963705062866,0.0,-0.0008099999977275729,0.0,0.0
1.9499988555908203,0.0,-2826.89990234375,16.989999771118164,-0.03099999949336052,2045.6309814453125,0.23099999129772186,-0.009491506032645702,1.5707963705062866,0.0,-0.0008099999977275729,0.0,0.0
1.958333969116211,0.0,-2809.780029296875,16.989999771118164,-0.03099999949336052,2053.890869140625,0.23099999129772186,-0.009491506032645702,1.5707963705062866,0.0,-0.0008099999977275729,0.0,0.0
1.9666671752929688,0.0,-2792.599853515625,16.989999771118164,-0.03099999949336052,2062.15087890625,0.23099999129772186,-0.009491506032645702,1.5707963705062866,0.0,-0.0008099999977275729,0.0,0.0
1.9750003814697266,0.0,-2775.349853515625,16.989999771118164,-0.03099999949336052,2070.410888671875,0.23099999129772186,-0.009491506032645702,1.5707963705062866,0.0,-0.0008099999977275729,0.0,0.0
1.9833335876464844,0.0,-2758.030029296875,16.989999771118164,-0.03099999949336052,2078.6708984375,0.23099999129772186,-0.009491506032645702,1.5707963705062866,0.0,-0.0008099999977275729,0.0,0.0
1.9916667938232422,0.0,-2740.639892578125,16.989999771118164,-0.03099999949336052,2086.930908203125,0.23099999129772186,-0.009491506032645702,1.5707963705062866,0.0,-0.0008099999977275729,0.0,0.0
2.0,0.0,-2723.179931640625,16.989999771118164,-0.03099999949336052,2095.19091796875,0.23099999129772186,-0.009491506032645702,1.5707963705062866,0.0,-0.0008099999977275729,0.0,0.0
2.008333206176758,0.0,-2705.64990234375,16.989999771118164,-0.03099999949336052,2103.450927734375,0.23099999129772186,-0.009491506032645702,1.5707963705062866,0.0,-0.0008099999977275729,0.0,0.0
2.0166664123535156,0.0,-2688.050048828125,16.989999771118164,-0.03099999949336052,2111.7109375,0.23099999129772186,-0.009491506032645702,1.5707963705062866,0.0,-0.0008099999977275729,0.0,0.0
2.0249996185302734,0.0,-2670.3798828125,16.989999771118164,-0.03099999949336052,2119.970947265625,0.23099999129772186,-0.009491506032645702,1.5707963705062866,0.0,-0.0008099999977275729,0.0,0.0
2.0333328247070312,0.0,-2652.639892578125,16.989999771118164,-0.03099999949336052,2128.23095703125,0.23099999129772186,-0.009491506032645702,1.5707963705062866,0.0,-0.0008099999977275729,0.0,0.0
2.041666030883789,0.0,-2634.83984375,16.989999771118164,-0.03099999949336052,2136.490966796875,0.23099999129772186,-0.009491506032645702,1.5707963705062866,0.0,-0.0008099999977275729,0.0,0.0
2.049999237060547,0.0,-2616.969970703125,16.989999771118164,-0.04099999740719795,2144.7509765625,0.23099999129772186,-0.009491506032645702,1.5707963705062866,0.0,-0.0008099999977275729,0.0,0.0
2.0583324432373047,0.0,-2599.030029296875,16.989999771118164,-0.04099999740719795,2153.010986328125,0.23099999129772186,-0.009491506032645702,1.5707963705062866,0.0,-0.0008099999977275729,0.0,0.0
2.0666656494140625,0.0,-2581.02001953125,16.989999771118164,-0.04099999740719795,2161.27099609375,0.23099999129772186,-0.009491506032645702,1.5707963705062866,0.0,-0.0008099999977275729,0.0,0.0
2.0749988555908203,0.0,-2562.93994140625,16.989999771118164,-0.04099999740719795,2169.531005859375,0.23099999129772186,-0.009491506032645702,1.5707963705062866,0.0,-0.0008099999977275729,0.0,0.0
2.083333969116211,0.0,-2544.7900390625,16.989999771118164,-0.04099999740719795,2177.791015625,0.23099999129772186,-0.009491506032645702,1.5707963705062866,0.0,-0.0008099999977275729,0.0,0.0
2.0916671752929688,0.0,-2526.56982421875,16.989999771118164,-0.04099999740719795,2186.051025390625,0.23099999129772186,-0.009491506032645702,1.5707963705062866,0.0,-0.0008099999977275729,0.0,0.0
2.1000003814697266,0.0,-2508.280029296875,16.989999771118164,-0.04099999740719795,2194.31103515625,0.23099999129772186,-0.009491506032645702,1.5707963705062866,0.0,-0.0008099999977275729,0.0,0.0
2.1083335876464844,0.0,-2489.929931640625,16.989999771118164,-0.04099999740719795,2202.571044921875,0.23099999129772186,-0.009491506032645702,1.5707963705062866,0.0,-0.0008099999977275729,0.0,0.0
2.116666793823242,0.0,-2471.510009765625,16.989999771118164,-0.04099999740719795,2210.830810546875,0.23099999129772186,-0.009491506032645702,1.5707963705062866,0.0,-0.0008099999977275729,0.0,0.0
2.125,0.0,-2453.02001953125,16.989999771118164,-0.04099999740719795,2219.0908203125,0.23099999129772186,-0.009491506032645702,1.5707963705062866,0.0,-0.0008099999977275729,0.0,0.0
2.133333206176758,0.0,-2434.4599609375,16.989999771118164,-0.04099999740719795,2227.350830078125,0.23099999129772186,-0.009491506032645702,1.5707963705062866,0.0,-0.0008099999977275729,0.0,0.0
2.1416664123535156,0.0,-2415.829833984375,16.989999771118164,-0.04099999740719795,2235.61083984375,0.23099999129772186,-0.009491506032645702,1.5707963705062866,0.0,-0.0008099999977275729,0.0,0.0
2.1499996185302734,0.0,-2397.1298828125,16.989999771118164,-0.04099999740719795,2243.870849609375,0.23099999129772186,-0.009491506032645702,1.5707963705062866,0.0,-0.0008099999977275729,0.0,0.0
2.1583328247070312,0.0,-2378.35986328125,16.989999771118164,-0.04099999740719795,2252.130859375,0.23099999129772186,-0.009491506032645702,1.5707963705062866,0.0,-0.0008099999977275729,0.0,0.0
2.166666030883789,0.0,-2359.52001953125,16.989999771118164,-0.04099999740719795,2260.390869140625,0.23099999129772186,-0.009491506032645702,1.5707963705062866,0.0,-0.0008099999977275729,0.0,0.0
2.174999237060547,0.0,-2340.60986328125,16.989999771118164,-0.04099999740719795,2268.65087890625,0.23099999129772186,-0.009491506032645702,1.5707963705062866,0.0,-0.0008099999977275729,0.0,0.0
2.1833324432373047,0.0,-2321.639892578125,16.989999771118164,-0.04099999740719795,2276.910888671875,0.23099999129772186,-0.009491506032645702,1.5707963705062866,0.0,-0.0008099999977275729,0.0,0.0
2.1916656494140625,0.0,-2302.599853515625,16.989999771118164,-0.04099999740719795,2285.1708984375,0.23099999129772186,-0.009491506032645702,1.5707963705062866,0.0,-0.0008099999977275729,0.0,0.0
2.1999988555908203,0.0,-2283.489990234375,16.989999771118164,-0.04099999740719795,2293.430908203125,0.23099999129772186,-0.009491506032645702,1.5707963705062866,0.0,-0.0008099999977275729,0.0,0.0
2.208333969116211,0.0,-2264.31005859375,16.989999771118164,-0.04099999740719795,2300.0009765625,0.23099999129772186,-0.009491506032645702,1.5707963705062866,0.0,-0.0008099999977275729,0.0,0.0
2.2166671752929688,0.0,-2245.070068359375,16.989999771118164,-0.04099999740719795,2300.0009765625,0.22100000083446503,-0.009491506032645702,1.5707963705062866,0.0,-0.0008099999977275729,0.0,0.0
2.2250003814697266,0.0,-2225.829833984375,16.989999771118164,-0.04099999740719795,2300.0009765625,0.22100000083446503,-0.009491506032645702,1.5707963705062866,0.0,-0.0008099999977275729,0.0,0.0
2.2333335876464844,0.0,-2206.58984375,16.989999771118164,-0.04099999740719795,2300.0009765625,0.22100000083446503,-0.009491506032645702,1.5707963705062866,0.0,-0.0008099999977275729,0.0,0.0
2.241666793823242,0.0,-2187.349853515625,16.989999771118164,-0.04099999740719795,2300.0009765625,0.22100000083446503,-0.009491506032645702,1.5707963705062866,0.0,-0.0008099999977275729,0.0,0.0
2.25,0.0,-2168.10986328125,16.989999771118164,-0.04099999740719795,2300.0009765625,0.22100000083446503,-0.009491506032645702,1.5707963705062866,0.0,-0.0008099999977275729,0.0,0.0
2.258333206176758,0.0,-2148.869873046875,16.989999771118164,-0.04099999740719795,2300.0009765625,0.22100000083446503,-0.009491506032645702,1.5707963705062866,0.0,-0.0008099999977275729,0.0,0.0
2.2666664123535156,0.0,-2129.6298828125,16.989999771118164,-0.04099999740719795,2300.0009765625,0.22100000083446503,-0.009491506032645702,1.5707963705062866,0.0,-0.0008099999977275729,0.0,0.0
2.2749996185302734,0.0,-2110.389892578125,16.989999771118164,-0.04099999740719795,2300.0009765625,0.22100000083446503,-0.009491506032645702,1.5707963705062866,0.0,-0.0008099999977275729,0.0,0.0
2.2833328247070312,0.0,-2091.14990234375,16.989999771118164,-0.04099999740719795,2300.0009765625,0.22100000083446503,-0.009491506032645702,1.5707963705062866,0.0,-0.0008099999977275729,0.0,0.0
2.291666030883789,0.0,-2071.909912109375,16.989999771118164,-0.04099999740719795,2300.0009765625,0.22100000083446503,-0.009491506032645702,1.5707963705062866,0.0,-0.0008099999977275729,0.0,0.0
2.299999237060547,0.0,-2052.669921875,16.989999771118164,-0.04099999740719795,2300.0009765625,0.22100000083446503,-0.009491506032645702,1.5707963705062866,0.0,-0.0008099999977275729,0.0,0.0
2.3083324432373047,0.0,-2033.429931640625,16.989999771118164,-0.04099999740719795,2300.0009765625,0.22100000083446503,-0.009491506032645702,1.5707963705062866,0.0,-0.0008099999977275729,0.0,0.0
2.3166656494140625,0.0,-2014.18994140625,16.989999771118164,-0.04099999740719795,2300.0009765625,0.22100000083446503,-0.009491506032645702,1.5707963705062866,0.0,-0.0008099999977275729,0.0,0.0
2.3249988555908203,0.0,-1994.949951171875,16.989999771118164,-0.04099999740719795,2300.0009765625,0.22100000083446503,-0.009491506032645702,1.5707963705062866,0.0,-0.0008099999977275729,0.0,0.0
2.333333969116211,0.0,-1975.7099609375,16.989999771118164,-0.04099999740719795,2300.0009765625,0.22100000083446503,-0.009491506032645702,1.5707963705062866,0.0,-0.0008099999977275729,0.0,0.0
2.3416671752929688,0.0,-1956.469970703125,16.989999771118164,-0.04099999740719795,2300.0009765625,0.22100000083446503,-0.009491506032645702,1.5707963705062866,0.0,-0.0008099999977275729,0.0,0.0
2.3500003814697266,0.0,-1937.22998046875,16.989999771118164,-0.04099999740719795,2300.0009765625,0.22100000083446503,-0.009491506032645702,1.5707963705062866,0.0,-0.0008099999977275729,0.0,0.0
2.3583335876464844,0.0,-1917.989990234375,16.989999771118164,-0.04099999740719795,2300.0009765625,0.22100000083446503,-0.009491506032645702,1.5707963705062866,0.0,-0.0008099999977275729,0.0,0.0
2.366666793823242,0.0,-1898.75,16.989999771118164,-0.04099999740719795,2300.0009765625,0.22100000083446503,-0.009491506032645702,1.5707963705062866,0.0,-0.0008099999977275729,0.0,0.0
2.375,0.0,-1879.510009765625,16.989999771118164,-0.04099999740719795,2300.0009765625,0.22100000083446503,-0.009491506032645702,1.5707963705062866,0.0,-0.0008099999977275729,0.0,0.0
2.383333206176758,0.0,-1860.2698974609375,16.989999771118164,-0.04099999740719795,2300.0009765625,0.22100000083446503,-0.009491506032645702,1.5707963705062866,0.0,-0.0008099999977275729,0.0,0.0
2.3916664123535156,0.0,-1841.0299072265625,16.989999771118164,-0.04099999740719795,2300.0009765625,0.22100000083446503,-0.009491506032645702,1.5707963705062866,0.0,-0.0008099999977275729,0.0,0.0
2.3999996185302734,0.0,-1821.7899169921875,16.989999771118164,-0.04099999740719795,2300.0009765625,0.22100000083446503,-0.009491506032645702,1.5707963705062866,0.0,-0.0008099999977275729,0.0,0.0
2.4083328247070312,0.0,-1802.5499267578125,16.989999771118164,-0.04099999740719795,2300.0009765625,0.22100000083446503,-0.009491506032645702,1.5707963705062866,0.0,-0.0008099999977275729,0.0,0.0
2.416666030883789,0.0,-1783.3099365234375,16.989999771118164,-0.04099999740719795,2300.0009765625,0.22100000083446503,-0.009491506032645702,1.5707963705062866,0.0,-0.0008099999977275729,0.0,0.0
2.424999237060547,0.0,-1764.0699462890625,16.989999771118164,-0.04099999740719795,2300.0009765625,0.22100000083446503,-0.009491506032645702,1.5707963705062866,0.0,-0.0008099999977275729,0.0,0.0
2.4333324432373047,0.0,-1744.8299560546875,16.989999771118164,-0.04099999740719795,2300.0009765625,0.22100000083446503,-0.009491506032645702,1.5707963705062866,0.0,-0.0008099999977275729,0.0,0.0
2.4416656494140625,0.0,-1725.5899658203125,16.989999771118164,-0.04099999740719795,2300.0009765625,0.22100000083446503,-0.009491506032645702,1.5707963705062866,0.0,-0.0008099999977275729,0.0,0.0
2.4499988555908203,0.0,-1706.3499755859375,16.989999771118164,-0.04099999740719795,2300.0009765625,0.22100000083446503,-0.009491506032645702,1.5707963705062866,0.0,-0.0008099999977275729,0.0,0.0
2.458333969116211,0.0,-1687.1099853515625,16.989999771118164,-0.04099999740719795,2300.0009765625,0.22100000083446503,-0.009491506032645702,1.5707963705062866,0.0,-0.0008099999977275729,0.0,0.0
2.4666671752929688,0.0,-1667.8699951171875,16.989999771118164,-0.04099999740719795,2300.0009765625,0.22100000083446503,-0.009491506032645702,1.5707963705062866,0.0,-0.0008099999977275729,0.0,0.0
2.4750003814697266,0.0,-1648.6300048828125,16.989999771118164,-0.04099999740719795,2300.0009765625,0.22100000083446503,-0.009491506032645702,1.5707963705062866,0.0,-0.0008099999977275729,0.0,0.0
2.4833335876464844,0.0,-1629.3900146484375,16.989999771118164,-0.04099999740719795,2300.0009765625,0.22100000083446503,-0.009491506032645702,1.5707963705062866,0.0,-0.0008099999977275729,0.0,0.0
2.491666793823242,0.0,-1610.1500244140625,16.989999771118164,-0.04099999740719795,2300.0009765625,0.22100000083446503,-0.009491506032645702,1.5707963705062866,0.0,-0.0008099999977275729,0.0,0.0
2.5,0.0,-1590.909912109375,16.989999771118164,-0.04099999740719795,2300.0009765625,0.22100000083446503,-0.009491506032645702,1.5707963705062866,0.0,-0.0008099999977275729,0.0,0.0
2.508333206176758,0.0,-1571.669921875,16.989999771118164,-0.04099999740719795,2300.0009765625,0.22100000083446503,-0.009491506032645702,1.5707963705062866,0.0,-0.0008099999977275729,0.0,0.0
2.5166664123535156,0.0,-1552.429931640625,16.989999771118164,-0.04099999740719795,2300.0009765625,0.22100000083446503,-0.009491506032645702,1.5707963705062866,0.0,-0.0008099999977275729,0.0,0.0
2.5249996185302734,0.0,-1533.18994140625,16.989999771118164,-0.04099999740719795,2300.0009765625,0.22100000083446503,-0.009491506032645702,1.5707963705062866,0.0,-0.0008099999977275729,0.0,0.0
2.5333328247070312,0.0,-1513.949951171875,16.989999771118164,-0.04099999740719795,2300.0009765625,0.22100000083446503,-0.009491506032645702,1.5707963705062866,0.0,-0.0008099999977275729,0.0,0.0
2.541666030883789,0.0,-1494.7099609375,16.989999771118164,-0.04099999740719795,2300.0009765625,0.22100000083446503,-0.009491506032645702,1.5707963705062866,0.0,-0.0008099999977275729,0.0,0.0
2.549999237060547,0.0,-1475.469970703125,16.989999771118164,-0.04099999740719795,2300.0009765625,0.22100000083446503,-0.009491506032645702,1.5707963705062866,0.0,-0.0008099999977275729,0.0,0.0
2.5583324432373047,0.0,-1456.22998046875,16.989999771118164,-0.04099999740719795,2300.0009765625,0.22100000083446503,-0.009491506032645702,1.5707963705062866,0.0,-0.0008099999977275729,0.0,0.0
2.5666656494140625,0.0,-1436.989990234375,16.989999771118164,-0.04099999740719795,2300.0009765625,0.22100000083446503,-0.009491506032645702,1.5707963705062866,0.0,-0.0008099999977275729,0.0,0.0
2.5749988555908203,0.0,-1417.75,16.989999771118164,-0.04099999740719795,2300.0009765625,0.22100000083446503,-0.009491506032645702,1.5707963705062866,0.0,-0.0008099999977275729,0.0,0.0
2.583333969116211,0.0,-1398.510009765625,16.989999771118164,-0.04099999740719795,2300.0009765625,0.22100000083446503,-0.009491506032645702,1.5707963705062866,0.0,-0.0008099999977275729,0.0,0.0
2.5916671752929688,0.0,-1379.27001953125,16.989999771118164,-0.04099999740719795,2300.0009765625,0.22100000083446503,-0.009491506032645702,1.5707963705062866,0.0,-0.0008099999977275729,0.0,0.0
2.6000003814697266,0.0,-1360.030029296875,16.989999771118164,-0.04099999740719795,2300.0009765625,0.22100000083446503,-0.009491506032645702,1.5707963705062866,0.0,-0.0008099999977275729,0.0,0.0
2.6083335876464844,0.0,-1340.7899169921875,16.989999771118164,-0.04099999740719795,2300.0009765625,0.22100000083446503,-0.009491506032645702,1.5707963705062866,0.0,-0.0008099999977275729,0.0,0.0
2.616666793823242,0.0,-1321.5499267578125,16.989999771118164,-0.04099999740719795,2300.0009765625,0.22100000083446503,-0.009491506032645702,1.5707963705062866,0.0,-0.0008099999977275729,0.0,0.0
2.625,0.0,-1302.3099365234375,16.989999771118164,-0.04099999740719795,2300.0009765625,0.22100000083446503,-0.009491506032645702,1.5707963705062866,0.0,-0.0008099999977275729,0.0,0.0
2.633333206176758,0.0,-1283.0699462890625,16.989999771118164,-0.04099999740719795,2300.0009765625,0.22100000083446503,-0.009491506032645702,1.5707963705062866,0.0,-0.0008099999977275729,0.0,0.0
2.6416664123535156,0.0,-1263.8299560546875,16.989999771118164,-0.04099999740719795,2300.0009765625,0.22100000083446503,-0.009491506032645702,1.5707963705062866,0.0,-0.0008099999977275729,0.0,0.0
2.6499996185302734,0.0,-1244.5899658203125,16.989999771118164,-0.04099999740719795,2300.0009765625,0.22100000083446503,-0.009491506032645702,1.5707963705062866,0.0,-0.0008099999977275729,0.0,0.0
2.6583328247070312,0.0,-1225.3499755859375,16.989999771118164,-0.04099999740719795,2300.0009765625,0.22100000083446503,-0.009491506032645702,1.5707963705062866,0.0,-0.0008099999977275729,0.0,0.0
2.666666030883789,0.0,-1206.1099853515625,16.989999771118164,-0.04099999740719795,2300.0009765625,0.22100000083446503,-0.009491506032645702,1.5707963705062866,0.0,-0.0008099999977275729,0.0,0.0
2.674999237060547,0.0,-1186.8699951171875,16.989999771118164,-0.04099999740719795,2300.0009765625,0.22100000083446503,-0.009491506032645702,1.5707963705062866,0.0,-0.0008099999977275729,0.0,0.0
2.6833324432373047,0.0,-1167.6300048828125,16.989999771118164,-0.04099999740719795,2300.0009765625,0.22100000083446503,-0.009491506032645702,1.5707963705062866,0.0,-0.0008099999977275729,0.0,0.0
2.6916656494140625,0.0,-1148.3900146484375,16.989999771118164,-0.04099999740719795,2300.0009765625,0.22100000083446503,-0.009491506032645702,1.5707963705062866,0.0,-0.0008099999977275729,0.0,0.0
2.6999988555908203,0.0,-1129.1500244140625,16.989999771118164,-0.04099999740719795,2300.0009765625,0.22100000083446503,-0.009491506032645702,1.5707963705062866,0.0,-0.0008099999977275729,0.0,0.0
2.708333969116211,0.0,-1109.9100341796875,16.989999771118164,-0.04099999740719795,2300.0009765625,0.22100000083446503,-0.009491506032645702,1.5707963705062866,0.0,-0.0008099999977275729,0.0,0.0
2.7166671752929688,0.0,-1090.669921875,16.989999771118164,-0.04099999740719795,2300.0009765625,0.22100000083446503,-0.009491506032645702,1.5707963705062866,0.0,-0.0008099999977275729,0.0,0.0
2.7250003814697266,0.0,-1071.429931640625,16.989999771118164,-0.04099999740719795,2300.0009765625,0.22100000083446503,-0.009491506032645702,1.5707963705062866,0.0,-0.0008099999977275729,0.0,0.0
2.7333335876464844,0.0,-1052.18994140625,16.989999771118164,-0.04099999740719795,2300.0009765625,0.22100000083446503,-0.009491506032645702,1.5707963705062866,0.0,-0.0008099999977275729,0.0,0.0
2.741666793823242,0.0,-1032.949951171875,16.989999771118164,-0.04099999740719795,2300.0009765625,0.22100000083446503,-0.009491506032645702,1.5707963705062866,0.0,-0.0008099999977275729,0.0,0.0
2.75,0.0,-1013.7099609375,16.989999771118164,-0.04099999740719795,2300.0009765625,0.22100000083446503,-0.009491506032645702,1.5707963705062866,0.0,-0.0008099999977275729,0.0,0.0
2.758333206176758,0.0,-994.469970703125,16.989999771118164,-0.04099999740719795,2300.0009765625,0.22100000083446503,-0.009491506032645702,1.5707963705062866,0.0,-0.0008099999977275729,0.0,0.0
2.7666664123535156,0.0,-975.22998046875,16.989999771118164,-0.04099999740719795,2300.0009765625,0.22100000083446503,-0.009491506032645702,1.5707963705062866,0.0,-0.0008099999977275729,0.0,0.0
2.7749996185302734,0.0,-955.989990234375,16.989999771118164,-0.04099999740719795,2300.0009765625,0.22100000083446503,-0.009491506032645702,1.5707963705062866,0.0,-0.0008099999977275729,0.0,0.0
2.7833328247070312,0.0,-936.75,16.989999771118164,-0.04099999740719795,2300.0009765625,0.22100000083446503,-0.009491506032645702,1.5707963705062866,0.0,-0.0008099999977275729,0.0,0.0
2.791666030883789,0.0,-917.510009765625,16.989999771118164,-0.04099999740719795,2300.0009765625,0.22100000083446503,-0.009491506032645702,1.5707963705062866,0.0,-0.0008099999977275729,0.0,0.0
2.799999237060547,0.0,-898.2699584960938,16.989999771118164,-0.04099999740719795,2300.0009765625,0.22100000083446503,-0.009491506032645702,1.5707963705062866,0.0,-0.0008099999977275729,0.0,0.0
2.8083324432373047,0.0,-879.0299682617188,16.989999771118164,-0.04099999740719795,2300.0009765625,0.22100000083446503,-0.009491506032645702,1.5707963705062866,0.0,-0.0008099999977275729,0.0,0.0
2.8166656494140625,0.0,-859.7899780273438,16.989999771118164,-0.04099999740719795,2300.0009765625,0.22100000083446503,-0.009491506032645702,1.5707963705062866,0.0,-0.0008099999977275729,0.0,0.0
2.8249988555908203,0.0,-840.5499877929688,16.989999771118164,-0.04099999740719795,2300.0009765625,0.22100000083446503,-0.009491506032645702,1.5707963705062866,0.0,-0.0008099999977275729,0.0,0.0
2.833333969116211,0.0,-821.3099975585938,16.989999771118164,-0.04099999740719795,2300.0009765625,0.22100000083446503,-0.009491506032645702,1.5707963705062866,0.0,-0.0008099999977275729,0.0,0.0
2.8416671752929688,0.0,-802.0700073242188,16.989999771118164,-0.04099999740719795,2300.0009765625,0.22100000083446503,-0.009491506032645702,1.5707963705062866,0.0,-0.0008099999977275729,0.0,0.0
2.8500003814697266,0.0,-782.8299560546875,16.989999771118164,-0.04099999740719795,2300.0009765625,0.22100000083446503,-0.009491506032645702,1.5707963705062866,0.0,-0.0008099999977275729,0.0,0.0
2.8583335876464844,0.0,-763.5899658203125,16.989999771118164,-0.04099999740719795,2300.0009765625,0.22100000083446503,-0.009491506032645702,1.5707963705062866,0.0,-0.0008099999977275729,0.0,0.0
2.866666793823242,0.0,-744.3499755859375,16.989999771118164,-0.04099999740719795,2300.0009765625,0.22100000083446503,-0.009491506032645702,1.5707963705062866,0.0,-0.0008099999977275729,0.0,0.0
2.875,0.0,-725.1099853515625,16.989999771118164,-0.04099999740719795,2300.0009765625,0.22100000083446503,-0.009491506032645702,1.5707963705062866,0.0,-0.0008099999977275729,0.0,0.0
2.883333206176758,0.0,-705.8699951171875,16.989999771118164,-0.04099999740719795,2300.0009765625,0.22100000083446503,-0.009491506032645702,1.5707963705062866,0.0,-0.0008099999977275729,0.0,0.0
2.8916664123535156,0.0,-686.6300048828125,16.989999771118164,-0.04099999740719795,2300.0009765625,0.22100000083446503,-0.009491506032645702,1.5707963705062866,0.0,-0.0008099999977275729,0.0,0.0
2.8999996185302734,0.0,-667.3900146484375,16.989999771118164,-0.04099999740719795,2300.0009765625,0.22100000083446503,-0.009491506032645702,1.5707963705062866,0.0,-0.0008099999977275729,0.0,0.0
2.9083328247070312,0.0,-648.1499633789062,16.989999771118164,-0.04099999740719795,2300.0009765625,0.22100000083446503,-0.009491506032645702,1.5707963705062866,0.0,-0.0008099999977275729,0.0,0.0
2.916666030883789,0.0,-628.9099731445312,16.989999771118164,-0.04099999740719795,2300.0009765625,0.22100000083446503,-0.009491506032645702,1.5707963705062866,0.0,-0.0008099999977275729,0.0,0.0
2.924999237060547,0.0,-609.6699829101562,16.989999771118164,-0.04099999740719795,2300.0009765625,0.22100000083446503,-0.009491506032645702,1.5707963705062866,0.0,-0.0008099999977275729,0.0,0.0
2.9333324432373047,0.0,-590.4299926757812,16.989999771118164,-0.04099999740719795,2300.0009765625,0.22100000083446503,-0.009491506032645702,1.5707963705062866,0.0,-0.0008099999977275729,0.0,0.0
2.9416656494140625,0.0,-571.1900024414062,16.989999771118164,-0.04099999740719795,2300.0009765625,0.22100000083446503,-0.009491506032645702,1.5707963705062866,0.0,-0.0008099999977275729,0.0,0.0
2.9499988555908203,0.0,-551.9500122070312,16.989999771118164,-0.04099999740719795,2300.0009765625,0.22100000083446503,-0.009491506032645702,1.5707963705062866,0.0,-0.0008099999977275729,0.0,0.0
2.958333969116211,0.0,-532.7099609375,16.989999771118164,-0.04099999740719795,2300.0009765625,0.22100000083446503,-0.009491506032645702,1.5707963705062866,0.0,-0.0008099999977275729,0.0,0.0
2.9666671752929688,0.0,-513.469970703125,16.989999771118164,-0.04099999740719795,2300.0009765625,0.22100000083446503,-0.009491506032645702,1.5707963705062866,0.0,-0.0008099999977275729,0.0,0.0
