time,pos_x,pos_y,vel_x,vel_y,speed
0.0,0.0,0.07999999821186066,0.0,0.010999999940395355,0.34117736392854586
0.008333206176757812,-0.029999999329447746,0.17999999225139618,-3.380999803543091,12.41100025177002,12.867803538858231
0.016666412353515625,-0.08999999612569809,0.38999998569488525,-6.660999774932861,24.750999450683594,25.633906701926136
0.024999618530273438,-0.17000000178813934,0.699999988079071,-9.85099983215332,37.03099822998047,38.32040329374888
0.033333778381347656,-0.2800000011920929,1.1100000143051147,-13.00100040435791,49.23099899291992,50.9198738642257
0.04166698455810547,-0.4099999964237213,1.6200000047683716,-16.10099983215332,61.35099792480469,63.42951539274164
0.05000019073486328,-0.5699999928474426,2.2300000190734863,-19.180999755859375,73.38099670410156,75.84719974999275
0.058333396911621094,-0.7599999904632568,2.93999981880188,-22.250999450683594,85.33100128173828,88.18504996478711
0.0666666030883789,-0.9699999690055847,3.75,-25.340999603271484,97.18099975585938,100.43121653865894
0.07499980926513672,-1.209999918937683,4.659999847412109,-28.470998764038086,108.94099426269531,112.60041866067874
0.08333301544189453,-1.46999990940094,5.659999847412109,-31.660999298095703,120.59099578857422,124.678480191361
0.09166717529296875,-1.7599999904632568,6.759999752044678,-34.920997619628906,132.14100646972656,136.67786194763255
0.10000038146972656,-2.0799999237060547,7.960000038146973,-38.270999908447266,143.5709991455078,148.58471492931375
0.10833358764648438,-2.429999828338623,9.25,-41.73099899291992,154.88099670410156,160.4048493593528
0.11666679382324219,-2.809999942779541,10.630000114440918,-45.32099914550781,166.0709991455078,172.14437545771872
0.125,-3.2200000286102295,12.109999656677246,-49.060997009277344,177.13099670410156,183.8001297658041
0.1333332061767578,-3.6599998474121094,13.679999351501465,-52.96099853515625,188.05101013183594,195.36674757603544
0.14166641235351562,-4.139999866485596,15.339999198913574,-57.03099822998047,198.8209991455078,206.8391663619821
0.14999961853027344,-4.650000095367432,17.09000015258789,-61.28099822998047,209.44100952148438,218.2223945758891
0.15833377838134766,-5.199999809265137,18.920000076293945,-65.72100067138672,219.9010009765625,229.51212700146417
0.16666698455810547,-5.789999961853027,20.84000015258789,-70.3709945678711,230.2010040283203,240.71704429290367
0.17500019073486328,-6.420000076293945,22.84000015258789,-75.24099731445312,240.3209991455078,251.82435662215514
0.1833333969116211,-7.089999675750732,24.93000030517578,-80.34099578857422,250.26100158691406,262.8409420173706
0.1916666030883789,-7.799999713897705,27.099998474121094,-85.68099975585938,260.010986328125,273.7646124163633
0.19999980926513672,-8.559999465942383,29.349998474121094,-91.26099395751953,269.5610046386719,284.5906191723792
0.20833301544189453,-9.369999885559082,31.670000076293945,-97.09099578857422,278.9110107421875,295.32715699278185
0.21666717529296875,-10.229999542236328,34.06999969482422,-103.1709976196289,288.041015625,305.9607780633077
0.22500038146972656,-11.139999389648438,36.540000915527344,-109.51099395751953,296.95098876953125,316.5006537272235
0.23333358764648438,-12.109999656677246,39.09000015258789,-116.11100006103516,305.6310119628906,326.94372006452113
0.2416667938232422,-13.130000114440918,41.709999084472656,-122.97099304199219,314.0710144042969,337.28709358597075
0.25,-14.210000038146973,44.39999771118164,-130.09100341796875,322.260986328125,347.5283136097886
0.2583332061767578,-15.359999656677246,47.14999771118164,-137.4810028076172,330.20098876953125,357.6783966056069
0.2666664123535156,-16.56999969482422,49.96999740600586,-145.13099670410156,337.8710021972656,367.7226354347856
0.27499961853027344,-17.850000381469727,52.849998474121094,-153.04100036621094,345.27099609375,377.66880307705395
0.28333377838134766,-19.189998626708984,55.78999710083008,-161.21099853515625,352.3909912109375,387.51582292381664
0.29166698455810547,-20.600000381469727,58.779998779296875,-169.64100646972656,359.22100830078125,397.26303649054165
0.3000001907348633,-22.09000015258789,61.82999801635742,-178.3209991455078,365.7510070800781,406.9057559157123
0.3083333969116211,-23.649999618530273,64.93000030517578,-187.25100708007812,371.9809875488281,416.45277166960784
0.3166666030883789,-25.28999900817871,68.08000183105469,-196.43099975585938,377.9010009765625,425.9042386325452
0.3249998092651367,-27.010000228881836,71.27999877929688,-205.8509979248047,383.5010070800781,435.2559845183817
0.33333301544189453,-28.809999465942383,74.5199966430664,-215.50100708007812,388.77099609375,444.50386695421236
0.34166717529296875,-30.689998626708984,77.79999542236328,-225.38099670410156,393.71099853515625,453.65742617516764
0.35000038146972656,-32.64999771118164,81.1199951171875,-235.47100830078125,398.3110046386719,462.707649004691
0.3583335876464844,-34.70000076293945,84.47000122070312,-245.77099609375,402.5610046386719,471.6554476072597
0.3666667938232422,-36.84000015258789,87.86000061035156,-256.27099609375,406.46099853515625,480.50544539065606
0.375,-39.05999755859375,91.27999877929688,-266.97100830078125,410.0010070800781,489.25909430567333
0.3833332061767578,-41.37999725341797,94.72000122070312,-277.85101318359375,413.1809997558594,497.91549520716336
0.3916664123535156,-43.790000915527344,98.18999481201172,-288.9010009765625,416.0010070800781,506.47876810177604
0.39999961853027344,-46.28999710083008,101.68000030517578,-300.1409912109375,418.4110107421875,514.9296114969275
0.40833377838134766,-48.88999938964844,105.18000030517578,-311.5610046386719,420.4110107421875,523.2741096650205
0.41666698455810547,-51.57999801635742,108.69999694824219,-323.1510009765625,421.9909973144531,531.5101951304366
0.4250001907348633,-54.369998931884766,112.22999572753906,-334.8909912109375,423.1510009765625,539.637713565967
0.4333333969116211,-57.2599983215332,115.75999450683594,-346.77099609375,423.8909912109375,547.662133475226
0.4416666030883789,-60.25,119.29999542236328,-358.77099609375,424.21099853515625,555.5823270382912
0.4499998092651367,-63.34000015258789,122.82999420166016,-370.8909912109375,424.1109924316406,563.409606293476
0.45833301544189453,-66.52999877929688,126.36000061035156,-383.1109924316406,423.59100341796875,571.1422711545565
0.46666717529296875,-69.83000183105469,129.87998962402344,-395.4110107421875,422.6409912109375,578.7705919178244
0.47500038146972656,-73.22999572753906,133.38999938964844,-407.7909851074219,421.27099609375,586.3129393810857
0.4833335876464844,-76.72999572753906,136.88999938964844,-420.2309875488281,419.47100830078125,593.7593223707096
0.4916667938232422,-80.33999633789062,140.3699951171875,-432.72100830078125,417.2409973144531,601.1136698377363
0.5,-84.04999542236328,143.8199920654297,-445.2409973144531,414.58099365234375,608.3724756991561
0.5083332061767578,-87.86000061035156,147.25,-457.7909851074219,411.4809875488281,615.5398544048707
0.5166664123535156,-91.77999877929688,150.64999389648438,-470.3509826660156,407.95098876953125,622.6188074045881
0.5249996185302734,-95.79999542236328,154.01998901367188,-482.9110107421875,403.9909973144531,629.6124946410723
0.5333337783813477,-99.93000030517578,157.34999084472656,-495.45098876953125,399.59100341796875,636.5098392690187
0.5416669845581055,-104.15999603271484,160.63999938964844,-507.96099853515625,394.760986328125,643.3200879504493
0.5500001907348633,-108.5,163.88999938964844,-520.4309692382812,389.5010070800781,650.0458072010608
0.5583333969116211,-112.93999481201172,167.08999633789062,-532.8509521484375,383.8009948730469,656.6836864671025
0.5666666030883789,-117.47999572753906,170.239990234375,-545.2109375,377.6709899902344,663.242388762072
0.5749998092651367,-122.12999725341797,173.3300018310547,-557.490966796875,371.1210021972656,669.7216582528924
0.5833330154418945,-126.87999725341797,176.36000061035156,-569.6709594726562,364.1409912109375,676.1093008882274
0.5916671752929688,-131.72999572753906,179.3300018310547,-581.7509765625,356.7409973144531,682.4210292021487
0.6000003814697266,-136.67999267578125,182.239990234375,-593.7109375,348.9209899902344,688.6498803919746
0.6083335876464844,-141.72999572753906,185.0800018310547,-605.5409545898438,340.6809997558594,694.7974629208269
0.6166667938232422,-146.8699951171875,187.84999084472656,-617.23095703125,332.031005859375,700.8700067563798
0.625,-152.11000061035156,190.5399932861328,-628.760986328125,322.9809875488281,706.8643571770468
0.6333332061767578,-157.44000244140625,193.14999389648438,-640.1309814453125,313.52099609375,712.7855298746903
0.6416664123535156,-162.8699951171875,195.67999267578125,-651.3209838867188,303.6709899902344,718.6342723623743
0.6499996185302734,-168.38999938964844,198.12998962402344,-662.3209838867188,293.4209899902344,724.4067132933731
0.6583337783813477,-174.0,200.489990234375,-673.1109619140625,282.791015625,730.1022229031172
0.6666669845581055,-179.6999969482422,202.75,-683.6909790039062,271.781005859375,735.7298418837128
0.6750001907348633,-185.47999572753906,204.9199981689453,-694.0409545898438,260.4010009765625,741.2837906487345
0.6833333969116211,-191.34999084472656,206.989990234375,-704.1509399414062,248.6510009765625,746.7636820494097
0.6916666030883789,-197.3000030517578,208.95999145507812,-714.010986328125,236.54100036621094,752.172496022348
0.6999998092651367,-203.3300018310547,210.8300018310547,-723.6109619140625,224.0810089111328,757.5125431818311
0.7083330154418945,-209.44000244140625,212.58999633789062,-732.9409790039062,211.281005859375,762.7858627826904
0.7166671752929688,-215.6199951171875,214.239990234375,-741.990966796875,198.1510009765625,767.9938439318081
0.7250003814697266,-221.87998962402344,215.77999877929688,-750.7509765625,184.69100952148438,773.1351292811574
0.7333335876464844,-228.20999145507812,217.1999969482422,-759.2109375,170.9110107421875,778.2107372258009
0.7416667938232422,-234.59999084472656,218.50999450683594,-767.3709716796875,156.8310089111328,783.2332371992975
0.75,-241.05999755859375,219.6999969482422,-775.2109375,142.4510040283203,788.1905965496449
0.7583332061767578,-247.5800018310547,220.75999450683594,-782.720947265625,127.78099822998047,793.0827164413729
0.7666664123535156,-254.1599884033203,221.6999969482422,-789.9009399414062,112.83099365234375,797.9188294368494
0.7749996185302734,-260.79998779296875,222.50999450683594,-796.73095703125,97.61100006103516,802.6881433943237
0.7833337783813477,-267.489990234375,223.19000244140625,-803.2109375,82.13099670410156,807.3991832174576
0.7916669845581055,-274.22998046875,223.739990234375,-809.3309326171875,66.4010009765625,812.0503566544845
0.8000001907348633,-281.0199890136719,224.1599884033203,-815.0909423828125,50.430999755859375,816.649655857306
0.8083333969116211,-287.8599853515625,224.4499969482422,-820.48095703125,34.23099899291992,821.1947956873257
0.8166666030883789,-294.739990234375,224.59999084472656,-825.490966796875,17.820999145507812,825.6833864107738
0.8249998092651367,-301.6600036621094,224.61000061035156,-830.1109619140625,1.2009999752044678,830.1119092097222
0.8333330154418945,-308.6099853515625,224.47999572753906,-834.3409423828125,-15.60099983215332,834.4868660757832
0.8416671752929688,-315.5899963378906,224.20999145507812,-838.1809692382812,-32.590999603271484,838.8144257041271
0.8500003814697266,-322.6000061035156,223.79998779296875,-841.6209716796875,-49.750999450683594,843.0902396768585
0.8583335876464844,-329.6399841308594,223.239990234375,-844.6509399414062,-67.07099914550781,847.3097778211092
0.8666667938232422,-336.6999816894531,222.5399932861328,-847.2709350585938,-84.54100036621094,851.4783311740605
0.875,-343.7799987792969,221.69000244140625,-849.48095703125,-102.1510009765625,855.6008728842097
0.8833332061767578,-350.8699951171875,220.69000244140625,-851.2709350585938,-119.89099884033203,859.6721391317998
0.8916664123535156,-357.97998046875,219.5399932861328,-852.6409301757812,-137.74099731445312,863.6951247246803
0.8999996185302734,-365.0899963378906,218.239990234375,-853.5909423828125,-155.7010040283203,867.6753021115586
0.9083337783813477,-372.2099914550781,216.7899932861328,-854.1109619140625,-173.75100708007812,871.60488642738
0.9166669845581055,-379.3299865722656,215.19000244140625,-854.2109375,-191.88099670410156,875.4968720456789
0.9250001907348633,-386.4499816894531,213.44000244140625,-853.8809814453125,-210.0709991455078,879.3421890691823
0.9333333969116211,-393.55999755859375,211.5399932861328,-853.1209716796875,-228.3209991455078,883.1455153549027
0.9416666030883789,-400.6600036621094,209.47999572753906,-851.9209594726562,-246.62100219726562,886.8998648294938
0.9499998092651367,-407.75,207.26998901367188,-850.2909545898438,-264.95098876953125,890.6143184500457
0.9583330154418945,-414.8199768066406,204.9099884033203,-848.23095703125,-283.3009948730469,894.2904117137721
0.9666671752929688,-421.8699951171875,202.39999389648438,-845.73095703125,-301.6610107421875,897.9200116959037
0.9750003814697266,-428.8899841308594,199.72999572753906,-842.8009643554688,-320.02099609375,901.5137457522894
0.9833335876464844,-435.8899841308594,196.9099884033203,-839.4309692382812,-338.3710021972656,905.0632119168704
0.9916667938232422,-442.8499755859375,193.94000244140625,-835.6309814453125,-356.6910095214844,908.5745669705329
1.0,-449.7799987792969,190.8199920654297,-831.4009399414062,-374.9809875488281,912.0517497815174
1.0083332061767578,-456.66998291015625,187.5399932861328,-826.73095703125,-393.22100830078125,915.4818223230154
1.0166664123535156,-463.5199890136719,184.11000061035156,-821.6409301757812,-411.4010009765625,918.8823276489869
1.0249996185302734,-470.3199768066406,180.52999877929688,-816.1209716796875,-429.510986328125,922.2436002016689
1.0333337783813477,-477.0699768066406,176.8000030517578,-810.1709594726562,-447.5509948730469,925.5695581130993
1.0416669845581055,-483.7699890136719,172.9199981689453,-803.8009643554688,-465.4909973144531,928.8584333473887
1.0500001907348633,-490.4100036621094,168.88999938964844,-797.010986328125,-483.33099365234375,932.113454507375
1.058333396911621,-496.989990234375,164.70999145507812,-789.8009643554688,-501.0610046386719,935.3330016562674
1.066666603088379,-503.5099792480469,160.38999938964844,-782.1809692382812,-518.6709594726562,938.5237147562135
1.0749998092651367,-509.9599914550781,155.9199981689453,-774.1409301757812,-536.1509399414062,941.6751778052009
1.0833330154418945,-516.3399658203125,151.30999755859375,-765.7009887695312,-553.48095703125,944.7959061722514
1.0916671752929688,-522.6499633789062,146.5500030517578,-756.8509521484375,-570.6609497070312,947.8804848763934
1.1000003814697266,-528.8800048828125,141.64999389648438,-747.6109619140625,-587.6809692382812,950.9422707503832
1.1083335876464844,-535.0299682617188,136.61000061035156,-737.970947265625,-604.5309448242188,953.9700794989149
1.1166667938232422,-541.0999755859375,131.42999267578125,-727.9409790039062,-621.2009887695312,956.9685823904504
1.125,-547.0800170898438,126.1199951171875,-717.5209350585938,-637.6709594726562,959.9274322172048
1.1333332061767578,-552.969970703125,120.66999816894531,-706.720947265625,-653.9409790039062,962.8569113038495
1.1416664123535156,-558.7699584960938,115.08999633789062,-695.5509643554688,-670.010986328125,965.7670506582781
1.1499996185302734,-564.469970703125,109.3699951171875,-684.010986328125,-685.8609619140625,968.646694526047
1.1583337783813477,-570.0700073242188,103.5199966430664,-672.1109619140625,-701.48095703125,971.4982287804256
1.1666669845581055,-575.5700073242188,97.54999542236328,-659.8509521484375,-716.8709716796875,974.3240730933206
1.1750001907348633,-580.9599609375,91.44999694824219,-647.240966796875,-732.010986328125,977.118766336113
1.183333396911621,-586.25,85.22999572753906,-634.2809448242188,-746.9009399414062,979.8844122514855
1.191666603088379,-591.4199829101562,78.87999725341797,-620.98095703125,-761.5309448242188,982.622439821773
1.1999998092651367,-596.47998046875,72.40999603271484,-607.3509521484375,-775.9009399414062,985.3413510040826
1.2083330154418945,-601.4199829101562,65.83000183105469,-593.3909912109375,-789.990966796875,988.0276951543108
1.2166671752929688,-606.25,59.12999725341797,-579.1109619140625,-803.8009643554688,990.6894704339962
1.2250003814697266,-610.9500122070312,52.31999969482422,-564.5209350585938,-817.3209838867188,993.3265360101694
1.2333335876464844,-615.5299682617188,45.39999771118164,-549.6209716796875,-830.5509643554688,995.9408854058069
1.2416667938232422,-619.97998046875,38.369998931884766,-534.4209594726562,-843.48095703125,998.5319309461303
1.25,-624.2999877929688,31.239999771118164,-518.9309692382812,-856.1009521484375,1001.0985572984424
1.2583332061767578,-628.489990234375,24.0,-503.1610107421875,-868.4009399414062,1003.6390414602239
1.2666664123535156,-632.5499877929688,16.65999984741211,-487.09100341796875,-880.3909301757812,1006.154046787807
1.2749996185302734,-636.469970703125,9.229999542236328,-470.7409973144531,-892.0509643554688,1008.6387558888996
1.2833337783813477,-640.25,1.6999999284744263,-454.1109924316406,-903.3809814453125,1011.0955055806178
1.2916669845581055,-643.8900146484375,-5.920000076293945,-437.21099853515625,-914.3809814453125,1013.531532212975
1.3000001907348633,-647.3900146484375,-13.630000114440918,-420.0509948730469,-925.0309448242188,1015.9356364933769
1.308333396911621,-650.75,-21.420000076293945,-402.6310119628906,-935.3309326171875,1018.3102747324995
1.316666603088379,-653.9599609375,-29.299999237060547,-384.97100830078125,-945.2809448242188,1020.6658964621417
1.3249998092651367,-657.0199584960938,-37.2599983215332,-367.07098388671875,-954.8709716796875,1022.9955083425605
1.3333330154418945,-659.9299926757812,-45.28999710083008,-348.9410095214844,-964.0909423828125,1025.2957152116805
1.3416671752929688,-662.6799926757812,-53.39999771118164,-330.59100341796875,-972.9409790039062,1027.5722312747453
1.3500003814697266,-665.2799682617188,-61.57999801635742,-312.02099609375,-981.4209594726562,1029.8273311660284
1.3583335876464844,-667.719970703125,-69.83000183105469,-293.2510070800781,-989.5209350585938,1032.060058520672
1.3666667938232422,-670.010009765625,-78.13999938964844,-274.281005859375,-997.240966796875,1034.2725686946242
1.375,-672.1400146484375,-86.50999450683594,-255.12100219726562,-1004.5709838867188,1036.4601862832199
1.3833332061767578,-674.0999755859375,-94.93999481201172,-235.77099609375,-1011.5109252929688,1038.6252668345096
1.3916664123535156,-675.8999633789062,-103.41999816894531,-216.25100708007812,-1018.0509643554688,1040.765292661716
1.3999996185302734,-677.5399780273438,-111.94999694824219,-196.56100463867188,-1024.19091796875,1042.8822538116249
1.4083337783813477,-679.010009765625,-120.52999877929688,-176.7010040283203,-1029.9208984375,1044.9691058514138
1.4166669845581055,-680.3200073242188,-129.16000366210938,-156.69100952148438,-1035.240966796875,1047.0320253556574
1.4250001907348633,-681.4599609375,-137.8300018310547,-136.54100036621094,-1040.1510009765625,1049.074677958881
1.433333396911621,-682.4299926757812,-146.5399932861328,-116.2509994506836,-1044.6510009765625,1051.099490550536
1.441666603088379,-683.22998046875,-155.27999877929688,-95.84099578857422,-1048.73095703125,1053.1012520315444
1.4499998092651367,-683.8599853515625,-164.0500030517578,-75.31099700927734,-1052.3909912109375,1055.0823072033056
1.4583330154418945,-684.3200073242188,-172.84999084472656,-54.670997619628906,-1055.6209716796875,1057.0358007899601
1.4666671752929688,-684.5999755859375,-181.6699981689453,-33.930999755859375,-1058.4208984375,1058.9647025820343
1.4750003814697266,-684.7099609375,-190.50999450683594,-13.10099983215332,-1060.7908935546875,1060.8718520001057
1.4833335876464844,-684.6400146484375,-199.3699951171875,7.810999870300293,-1062.73095703125,1062.7597231136067
1.4916667938232422,-684.3999633789062,-208.239990234375,28.790998458862305,-1064.240966796875,1064.6303993978308
1.5,-683.97998046875,-217.1199951171875,49.830997467041016,-1065.3109130859375,1066.4757850835308
1.5083332061767578,-683.3900146484375,-226.0,70.93099975585938,-1065.94091796875,1068.2983561006758
1.5166664123535156,-682.6199951171875,-234.87998962402344,92.07099914550781,-1066.1309814453125,1070.0992798811599
1.5249996185302734,-681.6799926757812,-243.75999450683594,113.2509994506836,-1065.8809814453125,1071.8806770365725
1.5333337783813477,-680.5599975585938,-252.63999938964844,134.46099853515625,-1065.19091796875,1073.6440667982845
1.5416669845581055,-679.260009765625,-261.5099792480469,155.68099975585938,-1064.0609130859375,1075.3893856474697
1.5500001907348633,-677.7899780273438,-270.3599853515625,176.9110107421875,-1062.48095703125,1077.1088246304748
1.558333396911621,-676.1400146484375,-279.1999816894531,198.14100646972656,-1060.4609375,1078.8129535416206
1.566666603088379,-674.3099975585938,-288.0199890136719,219.3509979248047,-1057.990966796875,1080.4905721177643
1.5749998092651367,-672.3099975585938,-296.80999755859375,240.54100036621094,-1055.0809326171875,1082.1533521412348
1.5833330154418945,-670.1300048828125,-305.57000732421875,261.70098876953125,-1051.73095703125,1083.8014319153665
1.5916671752929688,-667.7699584960938,-314.29998779296875,282.8210144042969,-1047.930908203125,1085.4248223055715
1.6000003814697266,-665.239990234375,-323.0,303.8909912109375,-1043.69091796875,1087.0329328546572
1.6083335876464844,-662.5299682617188,-331.6600036621094,324.9010009765625,-1039.010986328125,1088.6251055653158
1.6166667938232422,-659.6499633789062,-340.2799987792969,345.84100341796875,-1033.8909912109375,1090.2003080504344
1.625,-656.5899658203125,-348.8500061035156,366.70098876953125,-1028.3309326171875,1091.7574146589827
1.6333332061767578,-653.3599853515625,-357.3699951171875,387.47100830078125,-1022.3309326171875,1093.2952247131293
1.6416664123535156,-649.9599609375,-365.8399963378906,408.1409912109375,-1015.8909301757812,1094.8121213436762
1.6499996185302734,-646.3900146484375,-374.25,428.70098876953125,-1009.0209350585938,1096.3156094298174
1.6583337783813477,-642.6499633789062,-382.6000061035156,449.1409912109375,-1001.7109375,1097.7944081721548
1.6666669845581055,-638.739990234375,-390.8800048828125,469.45098876953125,-993.970947265625,1099.255477669224
1.6750001907348633,-634.6599731445312,-399.1000061035156,489.6309814453125,-985.8009643554688,1100.7007629852228
1.683333396911621,-630.4099731445312,-407.239990234375,509.6610107421875,-977.2109375,1102.1323389508887
1.691666603088379,-626.0,-415.30999755859375,529.5409545898438,-968.200927734375,1103.5518970010457
1.6999998092651367,-621.4199829101562,-423.29998779296875,549.2509765625,-958.7709350585938,1104.9517960024182
1.7083330154418945,-616.6799926757812,-431.2099914550781,568.7909545898438,-948.9209594726562,1106.3337053849132
1.7166671752929688,-611.7799682617188,-439.0299987792969,588.1509399414062,-938.6609497070312,1107.7030454863998
1.7250003814697266,-606.719970703125,-446.7599792480469,607.3209838867188,-927.990966796875,1109.0564197761585
1.7333335876464844,-601.5,-454.3999938964844,626.2909545898438,-916.9209594726562,1110.3983681734649
1.7416667938232422,-596.1199951171875,-461.9499816894531,645.0509643554688,-905.450927734375,1111.7249027848302
1.75,-590.5899658203125,-469.3999938964844,663.5909423828125,-893.5809326171875,1113.031873878952
1.7583332061767578,-584.9099731445312,-476.739990234375,681.9109497070312,-881.3209838867188,1114.3291032232707
1.7666664123535156,-579.0800170898438,-483.97998046875,699.990966796875,-868.6709594726562,1115.6059876808426
1.7749996185302734,-573.0999755859375,-491.1099853515625,717.8309326171875,-855.6409301757812,1116.8718724791654
1.7833337783813477,-566.969970703125,-498.1299743652344,735.4209594726562,-842.23095703125,1118.122132387351
1.7916669845581055,-560.7000122070312,-505.0299987792969,752.7509765625,-828.450927734375,1119.3592375554524
1.8000001907348633,-554.2799682617188,-511.8199768066406,769.8109741210938,-814.3009643554688,1120.578032422773
1.808333396911621,-547.719970703125,-518.47998046875,786.6009521484375,-799.7909545898438,1121.787305724905
1.816666603088379,-541.0299682617188,-525.0199584960938,803.1009521484375,-784.9309692382812,1122.9816989301535
1.8249998092651367,-534.2000122070312,-531.4299926757812,819.3109741210938,-769.720947265625,1124.1623278226887
1.8333330154418945,-527.239990234375,-537.7099609375,835.23095703125,-754.1609497070312,1125.33089354524
1.8416671752929688,-520.1499633789062,-543.8599853515625,850.8409423828125,-738.2709350585938,1126.4876444542756
1.8500003814697266,-512.9299926757812,-549.8800048828125,866.1409301757812,-722.0409545898438,1127.627323787323
1.8583335876464844,-505.5899963378906,-555.760009765625,881.1209716796875,-705.490966796875,1128.756750272939
1.8666667938232422,-498.1299743652344,-561.5,895.7809448242188,-688.6209716796875,1129.877194242023
1.875,-490.54998779296875,-567.0999755859375,910.1009521484375,-671.4409790039062,1130.980486882155
1.8833332061767578,-482.8499755859375,-572.5499877929688,924.0809326171875,-653.9509887695312,1132.0678407499606
1.8916664123535156,-475.03997802734375,-577.8499755859375,937.720947265625,-636.1709594726562,1133.1523264495734
1.8999996185302734,-467.1099853515625,-583.0,951.0109252929688,-618.0909423828125,1134.2214613571907
1.9083337783813477,-459.0799865722656,-588.0,963.9409790039062,-599.73095703125,1135.2795083791514
1.9166669845581055,-450.94000244140625,-592.8399658203125,976.5009765625,-581.1009521484375,1136.324163316224
1.9250001907348633,-442.6999816894531,-597.5299682617188,988.6909790039062,-562.2009887695312,1137.3565553765982
1.933333396911621,-434.3599853515625,-602.0599975585938,1000.5009765625,-543.0409545898438,1138.3741971712748
1.941666603088379,-425.92999267578125,-606.4199829101562,1011.9309692382812,-523.6309814453125,1139.3830881463389
1.9499998092651367,-417.4100036621094,-610.6199951171875,1022.98095703125,-503.9809875488281,1140.3889707377232
1.9583330154418945,-408.79998779296875,-614.6499633789062,1033.6309814453125,-484.09100341796875,1141.3751511728276
1.9666671752929688,-400.1000061035156,-618.5199584960938,1043.8909912109375,-463.97100830078125,1142.3561740525486
1.9750003814697266,-391.3199768066406,-622.219970703125,1053.740966796875,-443.6310119628906,1143.319128765985
1.9833335876464844,-382.4599914550781,-625.75,1063.19091796875,-423.08099365234375,1144.2781941302856
1.9916667938232422,-373.5199890136719,-629.0999755859375,1072.23095703125,-402.33099365234375,1145.229053067731
2.0,-364.5099792480469,-632.2799682617188,1080.8509521484375,-381.3810119628906,1146.1633336339992
2.008333206176758,-355.42999267578125,-635.2799682617188,1089.0509033203125,-360.2510070800781,1147.0888319768346
2.0166664123535156,-346.28997802734375,-638.0999755859375,1096.8309326171875,-338.9410095214844,1148.006634563717
2.0249996185302734,-337.0899963378906,-640.75,1104.180908203125,-317.46099853515625,1148.9112646119352
2.0333337783813477,-327.8299865722656,-643.219970703125,1111.1009521484375,-295.8210144042969,1149.8067353904878
2.0416669845581055,-318.5199890136719,-645.5,1117.5909423828125,-274.031005859375,1150.6965877195357
2.0500001907348633,-309.1600036621094,-647.5999755859375,1123.6409912109375,-252.1009979248047,1151.5746265896796
2.058333396911621,-299.75,-649.5199584960938,1129.2509765625,-230.031005859375,1152.441825883205
2.066666603088379,-290.29998779296875,-651.25,1134.4208984375,-207.84100341796875,1153.3034240105733
2.0749998092651367,-280.80999755859375,-652.7999877929688,1139.1409912109375,-185.54100036621094,1154.1524123766803
2.0833330154418945,-271.2799987792969,-654.1599731445312,1143.4110107421875,-163.13099670410156,1154.989433671635
2.0916671752929688,-261.7200012207031,-655.3299560546875,1147.23095703125,-140.62100219726562,1155.8171418311724
2.1000003814697266,-252.12998962402344,-656.3099975585938,1150.6009521484375,-118.02099609375,1156.6380751664851
2.1083335876464844,-242.51998901367188,-657.0999755859375,1153.52099609375,-95.35099792480469,1157.4552395472374
2.116666793823242,-232.88999938964844,-657.7099609375,1155.98095703125,-72.61100006103516,1158.259237247745
2.125,-223.239990234375,-658.1300048828125,1157.98095703125,-49.810997009277344,1159.051837749739
2.133333206176758,-213.5800018310547,-658.3499755859375,1159.531005859375,-26.96099853515625,1159.844463414059
2.1416664123535156,-203.9099884033203,-658.3800048828125,1160.6209716796875,-4.070999622344971,1160.6281675289492
2.1499996185302734,-194.22999572753906,-658.219970703125,1161.2509765625,18.840999603271484,1161.4038678058507
2.1583337783813477,-184.5500030517578,-657.8699951171875,1161.4110107421875,41.78099822998047,1162.1623458051215
2.1666669845581055,-174.8699951171875,-657.3299560546875,1161.1109619140625,64.73099517822266,1162.913968415008
2.1750001907348633,-165.1999969482422,-656.5999755859375,1160.3509521484375,87.68099975585938,1163.6590652725358
2.183333396911621,-155.5399932861328,-655.6799926757812,1159.1309814453125,110.63099670410156,1164.398548564492
2.191666603088379,-145.88999938964844,-654.5700073242188,1157.450927734375,133.56100463867188,1165.1314614215155
2.1999998092651367,-136.25999450683594,-653.2699584960938,1155.3009033203125,156.47100830078125,1165.8488255225773
2.2083330154418945,-126.64999389648438,-651.7799682617188,1152.69091796875,179.34100341796875,1166.558904726025
2.2166671752929688,-117.06999969482422,-650.0999755859375,1149.6209716796875,202.17100524902344,1167.2624487278467
2.2250003814697266,-107.5199966430664,-648.22998046875,1146.0909423828125,224.94100952148438,1167.956778437219
2.2333335876464844,-98.0,-646.1699829101562,1142.1009521484375,247.6510009765625,1168.6426885511416
2.241666793823242,-88.5199966430664,-643.9199829101562,1137.6610107421875,270.291015625,1169.3288411783526
2.25,-79.08000183105469,-641.47998046875,1132.760986328125,292.85101318359375,1170.003973664493
2.258333206176758,-69.68000030517578,-638.8499755859375,1127.4110107421875,315.3210144042969,1170.676325714608
2.2666664123535156,-60.32999801635742,-636.0399780273438,1121.6109619140625,337.6910095214844,1171.34388550861
2.2749996185302734,-51.03999710083008,-633.0399780273438,1115.3609619140625,359.9410095214844,1172.0015938633308
2.2833337783813477,-41.79999923706055,-629.8599853515625,1108.6610107421875,382.08099365234375,1172.6530828728635
2.2916669845581055,-32.619998931884766,-626.489990234375,1101.510986328125,404.09100341796875,1173.2928544766132
2.3000001907348633,-23.5,-622.9400024414062,1093.9208984375,425.96099853515625,1173.9275252895104
2.308333396911621,-14.449999809265137,-619.2099609375,1085.8909912109375,447.6910095214844,1174.5580509793535
2.316666603088379,-5.46999979019165,-615.2999877929688,1077.4208984375,469.260986328125,1175.177346616456
2.3249998092651367,3.429999828338623,-611.2099609375,1068.52099609375,490.6709899902344,1175.7955901567907
2.3333330154418945,12.25999927520752,-606.9400024414062,1059.19091796875,511.9010009765625,1176.404762753564
2.3416671752929688,21.010000228881836,-602.5,1049.430908203125,532.9509887695312,1177.0055725626096
2.3500003814697266,29.670000076293945,-597.8800048828125,1039.240966796875,553.8109741210938,1177.5943751762904
2.3583335876464844,38.23999786376953,-593.0899658203125,1028.6309814453125,574.48095703125,1178.1808843728825
2.366666793823242,46.71999740600586,-588.1300048828125,1017.6109619140625,594.9409790039062,1178.7650184098482
2.375,55.099998474121094,-583.0,1006.1809692382812,615.1809692382812,1179.3421463219306
2.383333206176758,63.38999938964844,-577.7099609375,994.3409423828125,635.2009887695312,1179.9128510841422
2.3916664123535156,71.56999969482422,-572.25,982.1009521484375,654.98095703125,1180.47552478034
2.3999996185302734,79.6500015258789,-566.6300048828125,969.4609375,674.5209350585938,1181.0305379166443
2.4083337783813477,87.6199951171875,-560.8499755859375,956.4309692382812,693.8209838867188,1181.587020460445
2.4166669845581055,95.47999572753906,-554.9099731445312,943.0109252929688,712.8609619140625,1182.133869984243
2.4250001907348633,103.22000122070312,-548.8099975585938,929.2109375,731.6409301757812,1182.6798160952485
2.433333396911621,110.8499984741211,-542.5599975585938,915.0309448242188,750.1409301757812,1183.213072710012
2.441666603088379,118.3499984741211,-536.1599731445312,900.48095703125,768.3609619140625,1183.7418012769504
2.4499998092651367,125.72999572753906,-529.6099853515625,885.5609741210938,786.3009643554688,1184.266682700151
2.4583330154418945,132.97999572753906,-522.9099731445312,870.2809448242188,803.9409790039062,1184.782744205398
2.4666671752929688,140.09999084472656,-516.0700073242188,854.6509399414062,821.2809448242188,1185.2977473171331
2.4750003814697266,147.08999633789062,-509.0799865722656,838.6709594726562,838.3109741210938,1185.8053794428588
2.4833335876464844,153.94000244140625,-501.9499816894531,822.3509521484375,855.0309448242188,1186.3132534990148
2.491666793823242,160.64999389648438,-494.69000244140625,805.6909790039062,871.4209594726562,1186.8077235076864
2.5,167.22000122070312,-487.28997802734375,788.7009887695312,887.48095703125,1187.2960157854986
2.508333206176758,173.64999389648438,-479.7599792480469,771.3909301757812,903.2109375,1187.785374172483
2.5166664123535156,179.92999267578125,-472.0999755859375,753.760986328125,918.6009521484375,1188.2691042517865
2.5249996185302734,186.05999755859375,-464.3199768066406,735.8209838867188,933.6409301757812,1188.7464141474818
2.5333337783813477,192.0399932861328,-456.41998291015625,717.5809326171875,948.3209838867188,1189.2162182112243
2.5416669845581055,197.8699951171875,-448.3999938964844,699.0509643554688,962.6409301757812,1189.6848076431772
2.5500001907348633,203.5399932861328,-440.2599792480469,680.23095703125,976.5909423828125,1190.144593723292
2.558333396911621,209.04998779296875,-432.0099792480469,661.1309814453125,990.1709594726562,1190.6018788540619
2.566666603088379,214.39999389648438,-423.6499938964844,641.760986328125,1003.3709716796875,1191.0544071129864
2.5749998092651367,219.5800018310547,-415.17999267578125,622.1209716796875,1016.1909790039062,1191.5027232589841
2.5833330154418945,224.59999084472656,-406.6099853515625,602.23095703125,1028.6209716796875,1191.9493946082691
2.5916671752929688,229.4499969482422,-397.94000244140625,582.0909423828125,1040.6510009765625,1192.386053825946
2.6000003814697266,234.12998962402344,-389.16998291015625,561.7109375,1052.281005859375,1192.817933684989
2.6083335876464844,238.63999938964844,-380.30999755859375,541.0909423828125,1063.510986328125,1193.245639543812
2.616666793823242,242.97999572753906,-371.3599853515625,520.2509765625,1074.3309326171875,1193.670038877298
2.625,247.13999938964844,-362.3199768066406,499.1910095214844,1084.740966796875,1194.091604256339
2.633333206176758,251.1199951171875,-353.1999816894531,477.9209899902344,1094.73095703125,1194.5059528008983
2.6416664123535156,254.9199981689453,-344.0,456.45098876953125,1104.3009033203125,1194.917620818992
2.6499996185302734,258.5400085449219,-334.7200012207031,434.7909851074219,1113.450927734375,1195.331041814025
2.6583337783813477,261.97998046875,-325.3699951171875,412.95098876953125,1122.1708984375,1195.7408476533446
2.6666669845581055,265.239990234375,-315.9499816894531,390.9309997558594,1130.450927734375,1196.13815126289
2.6750001907348633,268.30999755859375,-306.4599914550781,368.7409973144531,1138.3009033203125,1196.5362509850156
2.683333396911621,271.1999816894531,-296.9100036621094,346.4010009765625,1145.7109375,1196.9324693171595
2.691666603088379,273.8999938964844,-287.29998779296875,323.9110107421875,1152.6708984375,1197.3172818036655
2.6999998092651367,276.4100036621094,-277.6399841308594,301.281005859375,1159.19091796875,1197.7036190618485
2.7083330154418945,278.72998046875,-267.92999267578125,278.52099609375,1165.260986328125,1198.0848224747815
2.7166671752929688,280.8599853515625,-258.16998291015625,255.64100646972656,1170.8809814453125,1198.4634859770124
2.7250003814697266,282.79998779296875,-248.3699951171875,232.6510009765625,1176.0509033203125,1198.8420854211363
2.7333335876464844,284.54998779296875,-238.52999877929688,209.55099487304688,1180.760986328125,1199.2115145410462
2.741666793823242,286.1000061035156,-228.64999389648438,186.3610076904297,1185.010986328125,1199.5755887924392
2.75,287.4599914550781,-218.739990234375,163.0810089111328,1188.8009033203125,1199.934637188061
2.758333206176758,288.6199951171875,-208.80999755859375,139.7310028076172,1192.1309814453125,1200.2921146072592
2.7666664123535156,289.5899963378906,-198.84999084472656,116.31099700927734,1195.0009765625,1200.6480384907145
2.7749996185302734,290.3599853515625,-188.8699951171875,92.83099365234375,1197.4110107421875,1201.0041017207593
2.7833337783813477,290.94000244140625,-178.87998962402344,69.30099487304688,1199.3509521484375,1201.3515158481873
2.7916669845581055,291.32000732421875,-168.8699951171875,45.73099899291992,1200.8209228515625,1201.6914509756439
2.8000001907348633,291.5,-158.84999084472656,22.14099884033203,1201.8309326171875,1202.034918272396
2.808333396911621,291.489990234375,-148.8300018310547,-1.4709999561309814,1202.3709716796875,1202.3719256951263
2.816666603088379,291.2799987792969,-138.80999755859375,-25.090999603271484,1202.44091796875,1202.702727105747
2.8249998092651367,290.8699951171875,-128.7899932861328,-48.71099853515625,1202.0509033203125,1203.0375164027307
2.8333330154418945,290.2699890136719,-118.77999877929688,-72.33100128173828,1201.19091796875,1203.3667460412917
2.8416671752929688,289.4700012207031,-108.77999877929688,-95.93099975585938,1199.8609619140625,1203.6898333709053
2.8500003814697266,288.4700012207031,-98.79999542236328,-119.5009994506836,1198.0609130859375,1204.0060509212576
2.8583335876464844,287.2799987792969,-88.82999420166016,-143.04100036621094,1195.8009033203125,1204.3258107706656
2.866666793823242,285.8899841308594,-78.88999938964844,-166.54100036621094,1193.0709228515625,1204.6386437757328
2.875,284.30999755859375,-68.97000122070312,-189.9810028076172,1189.8809814453125,1204.9521408562364
2.883333206176758,282.5299987792969,-59.07999801635742,-213.3610076904297,1186.220947265625,1205.2564812750072
2.8916664123535156,280.55999755859375,-49.22999954223633,-236.67100524902344,1182.1009521484375,1205.5604323785703
2.8999996185302734,278.3899841308594,-39.41999816894531,-259.9010009765625,1177.52099609375,1205.8624950097817
2.9083337783813477,276.0299987792969,-29.649999618530273,-283.041015625,1172.48095703125,1206.1608273559239
2.9166669845581055,273.47998046875,-19.93000030517578,-306.08099365234375,1166.98095703125,1206.4535876152706
2.9250001907348633,270.739990234375,-10.25,-329.010986328125,1161.02099609375,1206.7386265534508
2.933333396911621,267.80999755859375,-0.6299999952316284,-351.8210144042969,1154.6109619140625,1207.023044465003
2.941666603088379,264.69000244140625,8.929999351501465,-374.510986328125,1147.7509765625,1207.3072986616196
2.9499998092651367,261.3800048828125,18.43000030517578,-397.0610046386719,1140.44091796875,1207.5856322029738
2.9583330154418945,257.8800048828125,27.869998931884766,-419.46099853515625,1132.69091796875,1207.8643861220428
2.9666671752929688,254.1999969482422,37.23999786376953,-441.71099853515625,1124.5009765625,1208.1436929595422
2.9750003814697266,250.3300018310547,46.53999710083008,-463.8009948730469,1115.8709716796875,1208.420257445057
2.9833335876464844,246.27999877929688,55.7599983215332,-485.72100830078125,1106.8009033203125,1208.6907246340425
2.991666793823242,242.04998779296875,64.9000015258789,-507.46099853515625,1097.3009033203125,1208.9607387268004
3.0,237.63999938964844,73.95999908447266,-529.010986328125,1087.3709716796875,1209.2263576470962
3.008333206176758,233.04998779296875,82.93999481201172,-550.3709716796875,1077.010986328125,1209.4879087697007
3.0166664123535156,228.2899932861328,91.82999420166016,-571.5209350585938,1066.23095703125,1209.7457432299582
3.0249996185302734,223.34999084472656,100.6199951171875,-592.4609375,1055.031005859375,1210.0002132681643
3.0333337783813477,218.239990234375,109.31999969482422,-613.1809692382812,1043.4208984375,1210.2554286815232
3.0416669845581055,212.95999145507812,117.91999816894531,-633.6709594726562,1031.4010009765625,1210.506935137272
3.0500001907348633,207.50999450683594,126.40999603271484,-653.9209594726562,1018.98095703125,1210.7580032157298
3.058333396911621,201.88999938964844,134.7899932861328,-673.9209594726562,1006.1609497070312,1211.0034874652015
3.066666603088379,196.11000061035156,143.05999755859375,-693.6709594726562,992.950927734375,1211.2518628366483
3.0749998092651367,190.1699981689453,151.22000122070312,-713.1609497070312,979.3509521484375,1211.497815921294
3.0833330154418945,184.0699920654297,159.25999450683594,-732.3809814453125,965.3609619140625,1211.7358701843496
3.0916662216186523,177.80999755859375,167.19000244140625,-751.3209838867188,951.0009765625,1211.976158417448
3.09999942779541,171.38999938964844,174.989990234375,-769.98095703125,936.2609252929688,1212.2109241968517
3.108332633972168,164.8199920654297,182.6699981689453,-788.3509521484375,921.1509399414062,1212.4423319190334
3.116665840148926,158.09999084472656,190.22000122070312,-806.4209594726562,905.6809692382812,1212.67180730739
3.1250009536743164,151.22999572753906,197.63999938964844,-824.1809692382812,889.8609619140625,1212.9002151513341
3.133334159851074,144.22000122070312,204.9199981689453,-841.6309814453125,873.6909790039062,1213.127679200497
3.141667366027832,137.05999755859375,212.05999755859375,-858.760986328125,857.1809692382812,1213.3547609765715
3.15000057220459,129.75999450683594,219.05999755859375,-875.5609741210938,840.3309326171875,1213.574565503962
3.1583337783813477,122.32999420166016,225.9199981689453,-892.0309448242188,823.1509399414062,1213.7943840582673
3.1666669845581055,114.75999450683594,232.62998962402344,-908.1609497070312,805.6409301757812,1214.0073102202698
3.1750001907348633,107.05999755859375,239.1999969482422,-923.9409790039062,787.8209838867188,1214.2194882540446
3.183333396911621,99.22999572753906,245.61000061035156,-939.3709716796875,769.6909790039062,1214.4307950292646
3.191666603088379,91.27999877929688,251.8699951171875,-954.450927734375,751.2509765625,1214.6418128650514
3.1999998092651367,83.19999694824219,257.9700012207031,-969.1609497070312,732.5209350585938,1214.8497837416487
3.2083330154418945,75.0,263.91998291015625,-983.5009765625,713.5009765625,1215.0547085526691
3.2166662216186523,66.68999481201172,269.7099914550781,-997.470947265625,694.2009887695312,1215.2627015458663
3.22499942779541,58.2599983215332,275.3299865722656,-1011.0609741210938,674.6209716796875,1215.4661159990105
3.233332633972168,49.71999740600586,280.7900085449219,-1024.260986328125,654.7809448242188,1215.6680402724007
3.241665840148926,41.07999801635742,286.0799865722656,-1037.0709228515625,634.6809692382812,1215.8684805760922
3.2500009536743164,32.32999801635742,291.1999816894531,-1049.48095703125,614.3309326171875,1216.0645148438923
3.258334159851074,23.479999542236328,296.1499938964844,-1061.490966796875,593.740966796875,1216.2612953494952
3.266667366027832,14.539999961853027,300.91998291015625,-1073.0909423828125,572.9109497070312,1216.4502691188097
3.27500057220459,5.5,305.5199890136719,-1084.281005859375,551.8509521484375,1216.6367179135827
3.2833337783813477,-3.629999876022339,309.94000244140625,-1095.0609130859375,530.5809936523438,1216.829784528097
3.2916669845581055,-12.84000015258789,314.17999267578125,-1105.4208984375,509.1009826660156,1217.020666864311
3.3000001907348633,-22.1299991607666,318.239990234375,-1115.3509521484375,487.4110107421875,1217.2006285621637
3.308333396911621,-31.5,322.1199951171875,-1124.8609619140625,465.531005859375,1217.3871329103372
3.316666603088379,-40.95000076293945,325.82000732421875,-1133.94091796875,443.47100830078125,1217.5749139039053
3.3249998092651367,-50.46999740600586,329.3299865722656,-1142.5809326171875,421.2309875488281,1217.7548451033576
3.3333330154418945,-60.05999755859375,332.6499938964844,-1150.781005859375,398.82098388671875,1217.9307168127689
3.3416662216186523,-69.70999908447266,335.78997802734375,-1158.5408935546875,376.2510070800781,1218.1058873054699
3.34999942779541,-79.43000030517578,338.739990234375,-1165.8609619140625,353.531005859375,1218.2840739909982
3.358332633972168,-89.19999694824219,341.5,-1172.73095703125,330.6709899902344,1218.458588349039
3.366665840148926,-99.02999877929688,344.05999755859375,-1179.1510009765625,307.6709899902344,1218.6298254624246
3.3750009536743164,-108.90999603271484,346.42999267578125,-1185.1209716796875,284.5509948730469,1218.8031492079542
3.383334159851074,-118.82999420166016,348.6099853515625,-1190.6309814453125,261.3210144042969,1218.9712617070586
3.391667366027832,-128.7899932861328,350.5899963378906,-1195.680908203125,237.9810028076172,1219.1340870715364
3.40000057220459,-138.7899932861328,352.3800048828125,-1200.27099609375,214.54100036621094,1219.2942365249648
3.4083337783813477,-148.8300018310547,353.9700012207031,-1204.4010009765625,191.01100158691406,1219.453608876353
3.4166669845581055,-158.89999389648438,355.3699951171875,-1208.0709228515625,167.4110107421875,1219.615485092792
3.4250001907348633,-168.989990234375,356.5699768066406,-1211.281005859375,143.74099731445312,1219.780012865284
3.433333396911621,-179.11000061035156,357.5699768066406,-1214.02099609375,120.0009994506836,1219.9374365706642
3.441666603088379,-189.25,358.3699951171875,-1216.2908935546875,96.21099853515625,1220.0902525240383
3.4499998092651367,-199.39999389648438,358.9700012207031,-1218.1009521484375,72.38099670410156,1220.249592759526
3.4583330154418945,-209.55999755859375,359.3699951171875,-1219.44091796875,48.520999908447266,1220.4059038572218
3.4666662216186523,-219.72999572753906,359.5799865722656,-1220.3109130859375,24.630998611450195,1220.559519650808
3.47499942779541,-229.89999389648438,359.5899963378906,-1220.7109375,0.7309999465942383,1220.7112097519341
3.483332633972168,-240.0699920654297,359.3999938964844,-1220.6409912109375,-23.17099952697754,1220.8609482510606
3.491665840148926,-250.239990234375,359.0099792480469,-1220.1009521484375,-47.060997009277344,1221.0082723691967
3.5000009536743164,-260.3999938964844,358.41998291015625,-1219.0909423828125,-70.94099426269531,1221.1533404072452
3.508334159851074,-270.54998779296875,357.6300048828125,-1217.6109619140625,-94.80099487304688,1221.2959565654787
3.516667366027832,-280.67999267578125,356.6399841308594,-1215.660888671875,-118.63099670410156,1221.4355652045183
3.52500057220459,-290.7900085449219,355.4499816894531,-1213.2509765625,-142.42100524902344,1221.5816817499278
3.5333337783813477,-300.8800048828125,354.07000732421875,-1210.3709716796875,-166.1610107421875,1221.7231686829368
3.5416669845581055,-310.94000244140625,352.489990234375,-1207.02099609375,-189.84100341796875,1221.859002467498
3.5500001907348633,-320.9700012207031,350.7099914550781,-1203.2109375,-213.4510040283203,1221.9975538278734
3.558333396911621,-330.9599914550781,348.739990234375,-1198.930908203125,-236.99099731445312,1222.1293654003446
3.566666603088379,-340.9100036621094,346.57000732421875,-1194.19091796875,-260.4410095214844,1222.2608552680542
3.5749998092651367,-350.82000732421875,344.2099914550781,-1188.990966796875,-283.791015625,1222.3898682478582
3.5833330154418945,-360.67999267578125,341.6499938964844,-1183.3309326171875,-307.0409851074219,1222.5164182723186
3.5916662216186523,-370.489990234375,338.8999938964844,-1177.220947265625,-330.1809997558594,1222.64826569285
3.59999942779541,-380.25,335.9599914550781,-1170.6610107421875,-353.1910095214844,1222.7801198906143
3.608332633972168,-389.9499816894531,332.8299865722656,-1163.6409912109375,-376.07098388671875,1222.9022330787025
3.616665840148926,-399.5799865722656,329.5099792480469,-1156.180908203125,-398.8110046386719,1223.0309236627213
3.6250009536743164,-409.1499938964844,326.0,-1148.27099609375,-421.4110107421875,1223.1572469498205
3.633334159851074,-418.6499938964844,322.29998779296875,-1139.9208984375,-443.8509826660156,1223.2838917557626
3.641667366027832,-428.0799865722656,318.41998291015625,-1131.1309814453125,-466.1210021972656,1223.4076247088697
3.65000057220459,-437.42999267578125,314.3500061035156,-1121.9010009765625,-488.21099853515625,1223.5244032727287
3.6583337783813477,-446.6999816894531,310.1000061035156,-1112.240966796875,-510.1210021972656,1223.6435491698428
3.6666669845581055,-455.8800048828125,305.66998291015625,-1102.1510009765625,-531.8409423828125,1223.761311395836
3.6750001907348633,-464.97998046875,301.05999755859375,-1091.6409912109375,-553.3609619140625,1223.8825671539873
3.683333396911621,-473.989990234375,296.2699890136719,-1080.7109375,-574.6709594726562,1224.002848205155
3.691666603088379,-482.8999938964844,291.30999755859375,-1069.3609619140625,-595.760986328125,1224.1177026811633
3.6999998092651367,-491.7099914550781,286.16998291015625,-1057.6009521484375,-616.6309814453125,1224.2359542116342
3.7083330154418945,-500.41998291015625,280.8599853515625,-1045.430908203125,-637.260986328125,1224.3477769176882
3.7166662216186523,-509.0299987792969,275.3800048828125,-1032.8609619140625,-657.6509399414062,1224.461782079309
3.72499942779541,-517.5299682617188,269.72998046875,-1019.8909301757812,-677.7909545898438,1224.5726674638836
3.733332633972168,-525.9199829101562,263.91998291015625,-1006.5209350585938,-697.6809692382812,1224.6808800130232
3.741665840148926,-534.1900024414062,257.94000244140625,-992.7709350585938,-717.3009643554688,1224.7917918092771
3.7500009536743164,-542.3499755859375,251.79998779296875,-978.6309814453125,-736.6509399414062,1224.8972754815616
3.758334159851074,-550.3800048828125,245.5,-964.1209716796875,-755.720947265625,1225.0075626254795
3.766667366027832,-558.2899780273438,239.04998779296875,-949.23095703125,-774.5009765625,1225.1086902000607
3.77500057220459,-566.0700073242188,232.4399871826172,-933.98095703125,-792.990966796875,1225.2164020447292
3.7833337783813477,-573.719970703125,225.67999267578125,-918.3709716796875,-811.1809692382812,1225.3244210409055
3.7916669845581055,-581.239990234375,218.76998901367188,-902.4009399414062,-829.0609741210938,1225.4263280747357
3.8000001907348633,-588.6199951171875,211.70999145507812,-886.0809326171875,-846.6209716796875,1225.5229982161013
3.808333396911621,-595.8699951171875,204.50999450683594,-869.4209594726562,-863.8609619140625,1225.6217591942561
3.816666603088379,-602.969970703125,197.1699981689453,-852.4309692382812,-880.7709350585938,1225.7226960783114
3.8249998092651367,-609.9299926757812,189.69000244140625,-835.1109619140625,-897.3509521484375,1225.8259176374586
3.8333330154418945,-616.739990234375,182.0800018310547,-817.4609375,-913.5909423828125,1225.9245183384146
3.8416662216186523,-623.3999633789062,174.3300018310547,-799.5009765625,-929.48095703125,1226.024792297896
3.84999942779541,-629.9099731445312,166.4499969482422,-781.23095703125,-945.0109252929688,1226.1189124501814
3.858332633972168,-636.2699584960938,158.4499969482422,-762.6609497070312,-960.1809692382812,1226.213418706701
3.866665840148926,-642.469970703125,150.3300018310547,-743.7909545898438,-974.990966796875,1226.308484756652
3.8750009536743164,-648.510009765625,142.0800018310547,-724.6309814453125,-989.4209594726562,1226.3947262750146
3.883334159851074,-654.3900146484375,133.72000122070312,-705.2009887695312,-1003.48095703125,1226.4919877467025
3.891667366027832,-660.0999755859375,125.23999786376953,-685.490966796875,-1017.1509399414062,1226.5781795323037
3.90000057220459,-665.6499633789062,116.64999389648438,-665.5209350585938,-1030.44091796875,1226.673033349362
3.9083337783813477,-671.0299682617188,107.95999908447266,-645.2909545898438,-1043.3309326171875,1226.7599526200313
3.9166669845581055,-676.239990234375,99.15999603271484,-624.8109741210938,-1055.8309326171875,1226.8528200132278
3.9250001907348633,-681.2699584960938,90.25999450683594,-604.0909423828125,-1067.9208984375,1226.9397060611786
3.933333396911621,-686.1300048828125,81.25999450683594,-583.1309814453125,-1079.6009521484375,1227.0208179660872
3.941666603088379,-690.8099975585938,72.16999816894531,-561.9509887695312,-1090.8709716796875,1227.1057497026973
3.9499998092651367,-695.3099975585938,62.98999786376953,-540.5509643554688,-1101.73095703125,1227.194596250978
3.9583330154418945,-699.6300048828125,53.71999740600586,-518.9409790039062,-1112.1708984375,1227.2831691756342
3.9666662216186523,-703.7699584960938,44.369998931884766,-497.1309814453125,-1122.180908203125,1227.3668293421285
3.97499942779541,-707.72998046875,34.939998626708984,-475.1309814453125,-1131.760986328125,1227.4495957164904
3.983332633972168,-711.5,25.43000030517578,-452.9410095214844,-1140.9110107421875,1227.5315160353646
3.991665840148926,-715.0899658203125,15.84999942779541,-430.57098388671875,-1149.6209716796875,1227.6073806441152
4.000000953674316,-718.489990234375,6.199999809265137,-408.0409851074219,-1157.9010009765625,1227.6938966659973
4.008334159851074,-721.7000122070312,-3.509999990463257,-385.35101318359375,-1165.73095703125,1227.7720463765233
4.016667366027832,-724.719970703125,-13.289999961853027,-362.510986328125,-1173.1209716796875,1227.8546981317716
4.02500057220459,-727.5499877929688,-23.119998931884766,-339.531005859375,-1180.0609130859375,1227.9353374075017
4.033333778381348,-730.1900024414062,-33.0099983215332,-316.4110107421875,-1186.5509033203125,1228.0142931619819
4.0416669845581055,-732.6300048828125,-42.95000076293945,-293.1709899902344,-1192.5809326171875,1228.0873912449856
4.050000190734863,-734.8800048828125,-52.93000030517578,-269.8210144042969,-1198.1610107421875,1228.1666490333807
4.058333396911621,-736.9299926757812,-62.959999084472656,-246.3610076904297,-1203.281005859375,1228.2422625415447
4.066666603088379,-738.7899780273438,-73.02999877929688,-222.80099487304688,-1207.94091796875,1228.3166020780577
4.074999809265137,-740.4500122070312,-83.12999725341797,-199.1510009765625,-1212.1409912109375,1228.392052271904
4.0833330154418945,-741.9099731445312,-93.25999450683594,-175.43099975585938,-1215.8709716796875,1228.4617966260193
4.091666221618652,-743.1699829101562,-103.41999816894531,-151.64100646972656,-1219.1409912109375,1228.5356655852195
4.09999942779541,-744.22998046875,-113.5999984741211,-127.79100036621094,-1221.94091796875,1228.605012647225
4.108332633972168,-745.0999755859375,-123.79999542236328,-103.88099670410156,-1224.281005859375,1228.6803380478016
4.116665840148926,-745.7699584960938,-134.02000427246094,-79.93099975585938,-1226.1510009765625,1228.7535848325233
4.125000953674316,-746.239990234375,-144.25,-55.95099639892578,-1227.5509033203125,1228.8254003565874
4.133334159851074,-746.510009765625,-154.489990234375,-31.950998306274414,-1228.48095703125,1228.8964392503392
4.141667366027832,-746.5799560546875,-164.72999572753906,-7.930999755859375,-1228.94091796875,1228.9665621716406
4.15000057220459,-746.4500122070312,-174.97000122070312,16.090999603271484,-1228.930908203125,1229.0363004102726
4.158333778381348,-746.1199951171875,-185.20999145507812,40.111000061035156,-1228.450927734375,1229.1056522928866
4.1666669845581055,-745.5899658203125,-195.44000244140625,64.11100006103516,-1227.5009765625,1229.1741122036767
4.175000190734863,-744.8599853515625,-205.6599884033203,88.09099578857422,-1226.0809326171875,1229.2414763533789
4.183333396911621,-743.9299926757812,-215.86000061035156,112.04100036621094,-1224.19091796875,1229.3074146531499
4.191666603088379,-742.7999877929688,-226.0399932861328,135.9510040283203,-1221.8309326171875,1229.3712351106456
4.199999809265137,-741.469970703125,-236.1999969482422,159.81100463867188,-1219.0009765625,1229.4320104767608
4.2083330154418945,-739.9400024414062,-246.3300018310547,183.6110076904297,-1215.7109375,1229.4983595040717
4.216666221618652,-738.2099609375,-256.42999267578125,207.3509979248047,-1211.950927734375,1229.5607418495454
4.22499942779541,-736.2799682617188,-266.489990234375,231.01100158691406,-1207.73095703125,1229.6260723271882
4.233332633972168,-734.1599731445312,-276.5199890136719,254.5810089111328,-1203.0408935546875,1229.6824842145434
4.241665840148926,-731.8399658203125,-286.5,278.0610046386719,-1197.8909912109375,1229.7401674524458
4.250000953674316,-729.3299560546875,-296.44000244140625,301.4309997558594,-1192.281005859375,1229.7946067810833
4.258334159851074,-726.6199951171875,-306.3299865722656,324.6910095214844,-1186.220947265625,1229.8554865173455
4.266667366027832,-723.719970703125,-316.1600036621094,347.83099365234375,-1179.700927734375,1229.9108948877156
4.27500057220459,-720.6300048828125,-325.92999267578125,370.83099365234375,-1172.73095703125,1229.9648993990013
4.283333778381348,-717.3499755859375,-335.6399841308594,393.70098876953125,-1165.3109130859375,1230.0203750492378
4.2916669845581055,-713.8800048828125,-345.28997802734375,416.4209899902344,-1157.450927734375,1230.0809816181177
4.300000190734863,-710.219970703125,-354.8699951171875,438.9809875488281,-1149.1409912109375,1230.1339176819652
4.308333396911621,-706.3800048828125,-364.3699951171875,461.3710021972656,-1140.3909912109375,1230.1849230195244
4.316666603088379,-702.3499755859375,-373.79998779296875,483.59100341796875,-1131.2109375,1230.2432987126597
4.324999809265137,-698.1400146484375,-383.1499938964844,505.6309814453125,-1121.5909423828125,1230.2963308705325
4.3333330154418945,-693.739990234375,-392.4100036621094,527.470947265625,-1111.5408935546875,1230.3450282642787
4.341666221618652,-689.1599731445312,-401.5899963378906,549.1109619140625,-1101.0709228515625,1230.3983728713063
4.34999942779541,-684.4099731445312,-410.66998291015625,570.5509643554688,-1090.180908203125,1230.4563973820955
4.358332633972168,-679.47998046875,-419.6600036621094,591.7709350585938,-1078.8709716796875,1230.51027766296
4.366665840148926,-674.3699951171875,-428.54998779296875,612.760986328125,-1067.1409912109375,1230.5551803188098
4.375000953674316,-669.0899658203125,-437.3399963378906,633.5209350585938,-1055.010986328125,1230.6084213719398
4.383334159851074,-663.6400146484375,-446.0299987792969,654.0409545898438,-1042.470947265625,1230.6564819211992
4.391667366027832,-658.0199584960938,-454.6099853515625,674.3109741210938,-1029.531005859375,1230.7028529124868
4.40000057220459,-652.22998046875,-463.0799865722656,694.3309326171875,-1016.200927734375,1230.7558246208862
4.408333778381348,-646.2799682617188,-471.42999267578125,714.0809326171875,-1002.48095703125,1230.8045246336653
4.4166669845581055,-640.1699829101562,-479.66998291015625,733.5609741210938,-988.3709716796875,1230.8488984166647
4.425000190734863,-633.8999633789062,-487.78997802734375,752.760986328125,-973.8809814453125,1230.8913026256853
4.433333396911621,-627.469970703125,-495.7799987792969,771.6809692382812,-959.0209350585938,1230.9398045746073
4.441666603088379,-620.8800048828125,-503.6399841308594,790.3009643554688,-943.7909545898438,1230.9821731234665
4.449999809265137,-614.1400146484375,-511.3799743652344,808.6209716796875,-928.200927734375,1231.0259820199312
4.4583330154418945,-607.25,-518.97998046875,826.6309814453125,-912.260986328125,1231.0723037184223
4.466666221618652,-600.2099609375,-526.4500122070312,844.3309326171875,-895.970947265625,1231.1209495574553
4.47499942779541,-593.0299682617188,-533.7799682617188,861.7109375,-879.3309326171875,1231.1656099751654
4.483332633972168,-585.7099609375,-540.969970703125,878.760986328125,-862.3509521484375,1231.2067925757538
4.491665840148926,-578.25,-548.010009765625,895.470947265625,-845.0409545898438,1231.2443147693675
4.500000953674316,-570.6499633789062,-554.9099731445312,911.8409423828125,-827.4109497070312,1231.2850661896482
4.508334159851074,-562.9199829101562,-561.6599731445312,927.8609619140625,-809.4609375,1231.3216900158332
4.516667366027832,-555.0599975585938,-568.25,943.5309448242188,-791.2009887695312,1231.3609457798093
4.52500057220459,-547.0700073242188,-574.6900024414062,958.8409423828125,-772.6409301757812,1231.4016769898585
4.533333778381348,-538.9599609375,-580.969970703125,973.7909545898438,-753.7809448242188,1231.4441385390044
4.5416669845581055,-530.719970703125,-587.0899658203125,988.3609619140625,-734.6409301757812,1231.4848020362278
4.550000190734863,-522.3699951171875,-593.0499877929688,1002.5609741210938,-715.2109375,1231.5256076392584
4.558333396911621,-513.8999633789062,-598.8499755859375,1016.3809814453125,-695.510986328125,1231.5705265504844
4.566666603088379,-505.3199768066406,-604.47998046875,1029.8109130859375,-675.5509643554688,1231.6167230406852
4.574999809265137,-496.6299743652344,-609.9400024414062,1042.8509521484375,-655.3309326171875,1231.664268363256
4.5833330154418945,-487.8299865722656,-615.22998046875,1055.490966796875,-634.8509521484375,1231.7049333158325
4.591666221618652,-478.92999267578125,-620.3499755859375,1067.73095703125,-614.1309814453125,1231.7493208014491
4.59999942779541,-469.92999267578125,-625.2899780273438,1079.5609130859375,-593.1709594726562,1231.7888141015221
4.608332633972168,-460.8399963378906,-630.0599975585938,1090.98095703125,-571.990966796875,1231.8332862132868
4.616665840148926,-451.6600036621094,-634.6499633789062,1101.98095703125,-550.5909423828125,1231.8735916539824
4.625000953674316,-442.3899841308594,-639.0599975585938,1112.5609130859375,-528.970947265625,1231.9099718318248
4.633334159851074,-433.0299987792969,-643.2899780273438,1122.720947265625,-507.1510009765625,1231.9515386335338
4.641667366027832,-423.5899963378906,-647.3299560546875,1132.450927734375,-485.1409912109375,1231.993106880293
4.65000057220459,-414.0799865722656,-651.1900024414062,1141.7509765625,-462.9410095214844,1232.0348213825666
4.658333778381348,-404.489990234375,-654.8599853515625,1150.6109619140625,-440.5610046386719,1232.0713107633094
4.6666669845581055,-394.8299865722656,-658.3399658203125,1159.031005859375,-418.010986328125,1232.1064026923104
4.675000190734863,-385.1000061035156,-661.6300048828125,1167.010986328125,-395.3009948730469,1232.1435180526428
4.683333396911621,-375.30999755859375,-664.72998046875,1174.5408935546875,-372.4410095214844,1232.1764267046362
4.691666603088379,-365.4599914550781,-667.6400146484375,1181.6309814453125,-349.4410095214844,1232.2178889172912
4.699999809265137,-355.55999755859375,-670.3599853515625,1188.260986328125,-326.3110046386719,1232.2512624050207
4.7083330154418945,-345.6099853515625,-672.8900146484375,1194.44091796875,-303.0509948730469,1232.286144664685
4.716666221618652,-335.6099853515625,-675.219970703125,1200.1708984375,-279.6709899902344,1232.3255164198188
4.72499942779541,-325.55999755859375,-677.3499755859375,1205.44091796875,-256.1809997558594,1232.3622201569772
4.733332633972168,-315.4700012207031,-679.2899780273438,1210.2509765625,-232.59100341796875,1232.398527856327
4.741665840148926,-305.3500061035156,-681.0299682617188,1214.6009521484375,-208.92100524902344,1232.4380672939037
4.750000953674316,-295.1999816894531,-682.5700073242188,1218.48095703125,-185.16099548339844,1232.4692966630746
4.758334159851074,-285.0199890136719,-683.9099731445312,1221.9010009765625,-161.3310089111328,1232.5055297826411
4.766667366027832,-274.80999755859375,-685.0599975585938,1224.8509521484375,-137.44100952148438,1232.5380385197848
4.77500057220459,-264.5799865722656,-686.010009765625,1227.3309326171875,-113.5009994506836,1232.5679800141893
4.783333778381348,-254.33999633789062,-686.760009765625,1229.3509521484375,-89.51099395751953,1232.6054161444013
4.7916669845581055,-244.0800018310547,-687.3099975585938,1230.9010009765625,-65.49099731445312,1232.6420710227785
4.800000190734863,-233.80999755859375,-687.6599731445312,1231.98095703125,-41.44099807739258,1232.6778026436043
4.808333396911621,-223.5399932861328,-687.7999877929688,1232.5909423828125,-17.37099838256836,1232.7133945690443
4.816666603088379,-213.26998901367188,-687.739990234375,1232.73095703125,6.700999736785889,1232.7492227300868
4.824999809265137,-203.0,-687.47998046875,1232.4010009765625,30.770998001098633,1232.7851442351973
4.8333330154418945,-192.739990234375,-687.0199584960938,1231.6009521484375,54.830997467041016,1232.8209415552399
4.841666221618652,-182.489990234375,-686.3599853515625,1230.3309326171875,78.8709945678711,1232.856426296178
4.84999942779541,-172.25,-685.5,1228.5909423828125,102.88099670410156,1232.8910468929914
4.858332633972168,-162.02999877929688,-684.4400024414062,1226.3809814453125,126.85099792480469,1232.9240113025078
4.866665840148926,-151.8300018310547,-683.1799926757812,1223.700927734375,150.781005859375,1232.9553935917206
4.875000953674316,-141.66000366210938,-681.719970703125,1220.5509033203125,174.6510009765625,1232.983215643719
4.883334159851074,-131.52000427246094,-680.0700073242188,1216.930908203125,198.4510040283203,1233.0059880880183
4.891667366027832,-121.40999603271484,-678.219970703125,1212.8509521484375,222.18099975585938,1233.0336407012032
4.90000057220459,-111.33999633789062,-676.1699829101562,1208.3109130859375,245.8310089111328,1233.0645879051986
4.908333778381348,-101.30999755859375,-673.9299926757812,1203.3009033203125,269.3909912109375,1233.0874666454408
4.9166669845581055,-91.32999420166016,-671.489990234375,1197.8409423828125,292.84100341796875,1233.117555974436
4.925000190734863,-81.4000015258789,-668.8599853515625,1191.9208984375,316.1809997558594,1233.144753489894
4.933333396911621,-71.5199966430664,-666.0299682617188,1185.5408935546875,339.4010009765625,1233.166809509289
4.941666603088379,-61.69999694824219,-663.010009765625,1178.7109375,362.5010070800781,1233.193652528742
4.949999809265137,-51.939998626708984,-659.7999877929688,1171.430908203125,385.46099853515625,1233.2196415911878
4.9583330154418945,-42.23999786376953,-656.3999633789062,1163.700927734375,408.27099609375,1233.2417385825893
4.966666221618652,-32.61000061035156,-652.8099975585938,1155.531005859375,430.9309997558594,1233.2694605697259
4.97499942779541,-23.049999237060547,-649.0299682617188,1146.9208984375,453.4209899902344,1233.2956951831893
4.983332633972168,-13.569999694824219,-645.0700073242188,1137.8709716796875,475.7409973144531,1233.3207105363983
4.991665840148926,-4.170000076293945,-640.9199829101562,1128.3809814453125,497.8809814453125,1233.3406833853385
5.000000953674316,5.150000095367432,-636.5899658203125,1118.4609375,519.8309936523438,1233.3609613555723
5.008334159851074,14.380000114440918,-632.0799560546875,1108.1109619140625,541.5909423828125,1233.3818480528207
5.016667366027832,23.51999855041504,-627.3900146484375,1097.3409423828125,563.1409912109375,1233.4038471371068
5.02500057220459,32.56999969482422,-622.5199584960938,1086.1510009765625,584.470947265625,1233.4222372897877
5.033333778381348,41.52000045776367,-617.469970703125,1074.5509033203125,605.5809326171875,1233.4455967317658
5.0416669845581055,50.369998931884766,-612.25,1062.5408935546875,626.4609375,1233.4693295783045
5.050000190734863,59.119998931884766,-606.8599853515625,1050.1209716796875,647.1009521484375,1233.4884789708758
5.058333396911621,67.76000213623047,-601.2999877929688,1037.3009033203125,667.5009765625,1233.511592187932
5.066666603088379,76.29000091552734,-595.5700073242188,1024.0809326171875,687.6409912109375,1233.5282808531908
5.074999809265137,84.70999908447266,-589.6699829101562,1010.470947265625,707.5209350585938,1233.5467316381068
5.0833330154418945,93.00999450683594,-583.6099853515625,996.48095703125,727.1309814453125,1233.569573321472
5.091666221618652,101.18999481201172,-577.3900146484375,982.1109619140625,746.4609375,1233.5906951035759
5.09999942779541,109.25,-571.010009765625,967.3609619140625,765.510986328125,1233.6103238646062
5.108332633972168,117.18999481201172,-564.469970703125,952.240966796875,784.2709350585938,1233.6303695779006
5.116665840148926,125.0,-557.7799682617188,936.7609252929688,802.73095703125,1233.6523622370385
5.125000953674316,132.6699981689453,-550.9400024414062,920.9209594726562,820.8809814453125,1233.6697814308482
5.133334159851074,140.20999145507812,-543.9500122070312,904.73095703125,838.720947265625,1233.6900187299111
5.141667366027832,147.61000061035156,-536.8099975585938,888.1909790039062,856.240966796875,1233.706585346023
5.15000057220459,154.8699951171875,-529.5299682617188,871.3109741210938,873.4309692382812,1233.7198231240966
5.158333778381348,161.989990234375,-522.1099853515625,854.1009521484375,890.2909545898438,1233.7368238835795
5.1666669845581055,168.95999145507812,-514.5499877929688,836.5709838867188,906.8109741210938,1233.7573846541381
5.175000190734863,175.77999877929688,-506.8599853515625,818.7109375,922.990966796875,1233.7747178037562
5.183333396911621,182.4499969482422,-499.03997802734375,800.5409545898438,938.8209838867188,1233.795278837873
5.191666603088379,188.97000122070312,-491.0899963378906,782.0709838867188,954.2909545898438,1233.8178067164192
5.199999809265137,195.3300018310547,-483.0099792480469,763.3009643554688,969.3909301757812,1233.8343762491118
5.2083330154418945,201.52999877929688,-474.80999755859375,744.240966796875,984.1209716796875,1233.8512203177088
5.216666221618652,207.5699920654297,-466.489990234375,724.8909301757812,998.48095703125,1233.868393519394
5.22499942779541,213.4499969482422,-458.04998779296875,705.2709350585938,1012.4609375,1233.8899351736286
5.233332633972168,219.1599884033203,-449.5,685.3809814453125,1026.0509033203125,1233.90748285775
5.241665840148926,224.6999969482422,-440.8399963378906,665.220947265625,1039.2509765625,1233.921241930807
5.250000953674316,230.0699920654297,-432.0699768066406,644.8109741210938,1052.0609130859375,1233.9422545286266
5.258334159851074,235.26998901367188,-423.1999816894531,624.1509399414062,1064.470947265625,1233.9622861835355
5.266667366027832,240.29998779296875,-414.22998046875,603.2509765625,1076.470947265625,1233.9779460555774
5.27500057220459,245.14999389648438,-405.1600036621094,582.1209716796875,1088.0609130859375,1233.9941274478122
5.283333778381348,249.8199920654297,-396.0,560.7709350585938,1099.240966796875,1234.0157515250758
5.2916669845581055,254.30999755859375,-386.75,539.2109375,1110.0009765625,1234.0383840911563
5.300000190734863,258.6199951171875,-377.4100036621094,517.4409790039062,1120.3309326171875,1234.0529549627915
5.308333396911621,262.75,-367.989990234375,495.47100830078125,1130.240966796875,1234.073050274378
5.316666603088379,266.69000244140625,-358.489990234375,473.3110046386719,1139.7109375,1234.0844616517045
5.324999809265137,270.4499816894531,-348.91998291015625,450.97100830078125,1148.7509765625,1234.1003957547782
5.3333330154418945,274.0199890136719,-339.2799987792969,428.46099853515625,1157.3509521484375,1234.115142126381
5.341666221618652,277.3999938964844,-329.57000732421875,405.7909851074219,1165.510986328125,1234.132210570241
5.34999942779541,280.5899963378906,-319.78997802734375,382.96099853515625,1173.23095703125,1234.1515852019502
5.358332633972168,283.5899963378906,-309.9499816894531,359.9909973144531,1180.5009765625,1234.1702492498555
5.366665840148926,286.3999938964844,-300.05999755859375,336.8810119628906,1187.3209228515625,1234.1879599085412
5.375000953674316,289.0099792480469,-290.1099853515625,313.6409912109375,1193.69091796875,1234.2077658683872
5.383334159851074,291.42999267578125,-280.1099853515625,290.281005859375,1199.6009521484375,1234.2226853688712
5.391667366027832,293.6499938964844,-270.07000732421875,266.8110046386719,1205.0609130859375,1234.2447272582494
5.40000057220459,295.67999267578125,-259.989990234375,243.2310028076172,1210.0609130859375,1234.2645034295329
5.408333778381348,297.5099792480469,-249.8699951171875,219.56100463867188,1214.5909423828125,1234.2764367828186
5.4166669845581055,299.1399841308594,-239.70999145507812,195.81100463867188,1218.660888671875,1234.2918785429601
5.425000190734863,300.57000732421875,-229.51998901367188,171.9810028076172,1222.27099609375,1234.3111372501266
5.433333396911621,301.79998779296875,-219.30999755859375,148.0810089111328,1225.410888671875,1234.3257113082886
5.441666603088379,302.8299865722656,-209.0800018310547,124.13099670410156,1228.0809326171875,1234.3384510423525
5.449999809265137,303.6600036621094,-198.8300018310547,100.13099670410156,1230.2908935546875,1234.3589549177045
5.4583330154418945,304.28997802734375,-188.55999755859375,76.09099578857422,1232.031005859375,1234.3785356850383
5.466666221618652,304.7200012207031,-178.27999877929688,52.020999908447266,1233.3009033203125,1234.3975991888321
5.47499942779541,304.9499816894531,-168.0,27.930999755859375,1234.1009521484375,1234.417041020587
5.483332633972168,304.97998046875,-157.70999145507812,3.8309998512268066,1234.430908203125,1234.4369056407993
5.491665840148926,304.80999755859375,-147.4199981689453,-20.26099967956543,1234.281005859375,1234.4473418717484
5.500000953674316,304.44000244140625,-137.13999938964844,-44.35099792480469,1233.660888671875,1234.4579091960106
5.508334159851074,303.8699951171875,-126.8699951171875,-68.4209976196289,1232.5709228515625,1234.4685670746733
5.516667366027832,303.1000061035156,-116.61000061035156,-92.47100067138672,1231.010986328125,1234.4792686581213
5.52500057220459,302.1300048828125,-106.3699951171875,-116.49099731445312,1228.98095703125,1234.489560718009
5.533333778381348,300.9599914550781,-96.1500015258789,-140.46099853515625,1226.490966796875,1234.5078023507206
5.5416669845581055,299.5899963378906,-85.94999694824219,-164.38099670410156,1223.531005859375,1234.5239425372306
5.550000190734863,298.0199890136719,-75.77999877929688,-188.24099731445312,1220.1009521484375,1234.5368106397002
5.558333396911621,296.25,-65.63999938964844,-212.02099609375,1216.2109375,1234.5533919601025
5.566666603088379,294.2900085449219,-55.53999710083008,-235.72100830078125,1211.8509521484375,1234.5635886005998
5.574999809265137,292.1300048828125,-45.47999954223633,-259.34100341796875,1207.031005859375,1234.5775534492407
5.5833330154418945,289.7699890136719,-35.46999740600586,-282.8609924316406,1201.7509765625,1234.591382210857
5.591666221618652,287.2200012207031,-25.5,-306.27099609375,1196.010986328125,1234.6029048997138
5.59999942779541,284.4700012207031,-15.579999923706055,-329.5610046386719,1189.8109130859375,1234.6094908908738
5.608332633972168,281.5299987792969,-5.71999979019165,-352.7309875488281,1183.1610107421875,1234.6210986527915
5.616665840148926,278.3999938964844,4.079999923706055,-375.760986328125,1176.0609130859375,1234.631815747429
5.625000953674316,275.0799865722656,13.819999694824219,-398.6510009765625,1168.510986328125,1234.6419222066463
5.633334159851074,271.57000732421875,23.489999771118164,-421.3909912109375,1160.510986328125,1234.6482281131714
5.641667366027832,267.8699951171875,33.09000015258789,-443.97100830078125,1152.0709228515625,1234.6569555194847
5.65000057220459,263.97998046875,42.619998931884766,-466.3809814453125,1143.19091796875,1234.6646609914394
5.658333778381348,259.9100036621094,52.06999969482422,-488.6210021972656,1133.8709716796875,1234.6716140444303
5.6666669845581055,255.64999389648438,61.439998626708984,-510.6709899902344,1124.1209716796875,1234.6792900622697
5.675000190734863,251.20999145507812,70.72000122070312,-532.5209350585938,1113.94091796875,1234.6833785718993
5.683333396911621,246.58999633789062,79.90999603271484,-554.1709594726562,1103.3409423828125,1234.6930054803165
5.691666603088379,241.7899932861328,89.00999450683594,-575.6109619140625,1092.3209228515625,1234.7036520136728
5.699999809265137,236.8199920654297,98.0199966430664,-596.8309936523438,1080.8809814453125,1234.7109221818707
5.7083330154418945,231.6699981689453,106.93000030517578,-617.8209838867188,1069.031005859375,1234.7186683372208
5.716666221618652,226.34999084472656,115.73999786376953,-638.5809326171875,1056.77099609375,1234.7269641536923
5.72499942779541,220.86000061035156,124.43999481201172,-659.1009521484375,1044.1109619140625,1234.7396066511617
5.733332633972168,215.1999969482422,133.02999877929688,-679.3609619140625,1031.0509033203125,1234.7458897001488
5.741665840148926,209.3699951171875,141.50999450683594,-699.3709716796875,1017.6009521484375,1234.7597273002455
5.750000953674316,203.37998962402344,149.8699951171875,-719.1109619140625,1003.7609252929688,1234.7698980016255
5.758334159851074,197.22999572753906,158.1199951171875,-738.5709838867188,989.5409545898438,1234.7787370095723
5.766667366027832,190.9199981689453,166.239990234375,-757.7509765625,974.9409790039062,1234.7860484081837
5.77500057220459,184.4499969482422,174.239990234375,-776.6509399414062,959.970947265625,1234.7999969334753
5.783333778381348,177.8199920654297,182.11000061035156,-795.2509765625,944.6309814453125,1234.8084617263212
5.7916669845581055,171.0399932861328,189.84999084472656,-813.5509643554688,928.9309692382812,1234.8190343263523
5.800000190734863,164.11000061035156,197.45999145507812,-831.5409545898438,912.8809814453125,1234.8328533715505
5.808333396911621,157.02999877929688,204.92999267578125,-849.2109375,896.48095703125,1234.843088416611
5.816666603088379,149.80999755859375,212.25999450683594,-866.5609741210938,879.740966796875,1234.8571661740393
5.824999809265137,142.4499969482422,219.4499969482422,-883.5809326171875,862.6609497070312,1234.8681342374477
5.8333330154418945,134.9499969482422,226.489990234375,-900.260986328125,845.2509765625,1234.8761829452085
5.841666221618652,127.30999755859375,233.38999938964844,-916.5909423828125,827.5209350585938,1234.8805545231658
5.84999942779541,119.54000091552734,240.13999938964844,-932.5809326171875,809.48095703125,1234.895439297737
5.858332633972168,111.63999938964844,246.72999572753906,-948.2109375,791.1309814453125,1234.9058029332568
5.866665840148926,103.61000061035156,253.1699981689453,-963.48095703125,772.470947265625,1234.9117576783715
5.875000953674316,95.45999908447266,259.4499816894531,-978.3809814453125,753.5209350585938,1234.9183271562738
5.883334159851074,87.18999481201172,265.57000732421875,-992.9109497070312,734.2809448242188,1234.925418922554
5.891667366027832,78.79999542236328,271.5299987792969,-1007.0609741210938,714.760986328125,1234.9312545625605
5.90000057220459,70.29000091552734,277.32000732421875,-1020.8309326171875,694.970947265625,1234.9415131302114
5.908333778381348,61.66999816894531,282.94000244140625,-1034.2109375,674.9109497070312,1234.9482513854803
5.9166669845581055,52.939998626708984,288.3999938964844,-1047.19091796875,654.6009521484375,1234.9539892444793
5.925000190734863,44.11000061035156,293.67999267578125,-1059.781005859375,634.0409545898438,1234.967142396302
5.933333396911621,35.18000030517578,298.7900085449219,-1071.9609375,613.23095703125,1234.9706832586437
5.941666603088379,26.149999618530273,303.7200012207031,-1083.73095703125,592.1909790039062,1234.9749281513587
5.949999809265137,17.020000457763672,308.47998046875,-1095.0909423828125,570.9209594726562,1234.9797748850117
5.9583330154418945,7.799999713897705,313.05999755859375,-1106.031005859375,549.4409790039062,1234.9858726528216
5.966666221618652,-1.5,317.4599914550781,-1116.5509033203125,527.7509765625,1234.9927705412117
5.97499942779541,-10.889999389648438,321.67999267578125,-1126.6510009765625,505.8509826660156,1235.0011437187593
5.983332633972168,-20.35999870300293,325.7099914550781,-1136.3209228515625,483.760986328125,1235.010146486403
5.991665840148926,-29.90999984741211,329.55999755859375,-1145.5509033203125,461.4909973144531,1235.0145517447363
